t,x,y,event_type,vel,
6.3631e+13,1266.5,729.79,0,489.96
6.3631e+13,1252.4,739.48,0,25.748
6.3631e+13,1242.2,802.26,0,38.952
6.3631e+13,1233.7,853.59,0,31.812
6.3631e+13,1226.1,895.32,0,26.365
6.3631e+13,1218.9,930.44,0,22.498
6.3631e+13,1212.5,960.71,0,111.06
6.3631e+13,1192.2,1259,0,95.637
6.3631e+13,1178,1242.5,0,4.6992
6.3631e+13,1182.5,1249.1,0,1.5438
6.3631e+13,1177.4,1247,0,1.5957
6.3631e+13,1177.8,1248.2,0,2.5826
6.3631e+13,1171.2,1242.5,0,2.4396
6.3631e+13,1171.6,1244.5,0,1.8262
6.3631e+13,1165.8,1243.1,0,575.78
6.3631e+13,1.2943e-13,1.3801e-13,0,574.11
6.3631e+13,NaN,NaN,4,NaN
6.3631e+13,NaN,NaN,4,NaN
6.3631e+13,NaN,NaN,4,NaN
6.3631e+13,NaN,NaN,4,NaN
6.3631e+13,NaN,NaN,4,NaN
6.3631e+13,1156.3,1238.7,0,0.1899
6.3631e+13,1157.9,1243.9,0,3.3063
6.3631e+13,1157.7,1248.4,0,55.176
6.3631e+13,1187.8,1082.9,0,38.214
6.3631e+13,1167.4,1135.4,0,23.141
6.3631e+13,1161.1,1146.2,0,10.861
6.3631e+13,1177.3,1104.7,0,8.8925
6.3631e+13,1153.5,1120.9,0,28.086
6.3631e+13,1113.6,1158.6,0,13.739
6.3631e+13,1119.3,1143.1,0,19.526
6.3631e+13,1139.6,1106.7,0,16.553
6.3631e+13,1140.7,1098.9,0,4.0359
6.3631e+13,1140,1094.8,0,2.3388
6.3631e+13,1138.6,1092.3,0,2.1432
6.3631e+13,1137.1,1089.1,0,88.419
6.3631e+13,962.23,1286.7,0,15.424
6.3631e+13,1128.8,1044.1,0,90.925
6.3631e+13,1112.9,1062.8,0,7.7262
6.3631e+13,1113.4,1061,0,3.0765
6.3631e+13,1106.5,1069.3,0,3.3183
6.3631e+13,1118.2,1052.5,0,8.7623
6.3631e+13,1120.5,1047.3,0,2.8898
6.3631e+13,1121.3,1044.5,0,13.972
6.3631e+13,1143.3,1012.7,0,23.524
6.3631e+13,1160.7,986.81,0,7.8758
6.3631e+13,1154.4,992.11,0,4.0788
6.3631e+13,1150.6,993.5,0,83.236
6.3631e+13,1293.9,788.2,0,9.2446
6.3631e+13,1138.8,968.73,0,84.125
6.3631e+13,1132.5,978.71,0,42.529
6.3631e+13,1061.2,1068.3,0,28.364
6.3631e+13,1077.6,1042.6,0,15.734
6.3631e+13,1086.2,1028.8,0,7.629
6.3631e+13,1089.6,1023.4,0,10.9
6.3631e+13,1104.7,1002.3,0,3.092
6.3631e+13,1083.5,1030.3,0,15.123
6.3631e+13,1077.9,1038.3,0,0.98344
6.3631e+13,1082.9,1033.1,0,1.58
6.3631e+13,1081.7,1035.5,0,43.301
6.3631e+13,1166.1,935.12,0,23.693
6.3631e+13,1128.3,982.93,0,26.802
6.3631e+13,1213.8,871.46,0,31.181
6.3631e+13,1184.3,909.17,0,19.994
6.3631e+13,1176.8,917.9,0,12.121
6.3631e+13,1161.6,937.16,0,8.5876
6.3631e+13,1161,937.89,0,3.9249
6.3631e+13,1154.4,946.27,0,8.7189
6.3631e+13,1144.8,958.09,0,4.497
6.3631e+13,1162.5,935.69,0,7.2012
6.3631e+13,1158.7,941.87,0,2.1689
6.3631e+13,1160.9,941.91,0,13.692
6.3631e+13,1162.1,982.38,0,42.362
6.3631e+13,1122.7,1061.7,0,9.401
6.3631e+13,1151.4,1008.2,0,23.298
6.3631e+13,1156.2,1001.3,0,6.3581
6.3631e+13,1161.1,991.99,0,0.99349
6.3631e+13,1156.5,998.32,0,13.114
6.3631e+13,1180,957.96,0,12.859
6.3631e+13,1173.8,964.3,0,5.4913
6.3631e+13,1168.2,969.17,0,13.129
6.3631e+13,1152.6,996.96,0,511.33
6.3631e+13,1.2796e-13,1.1068e-13,0,513.36
6.3631e+13,NaN,NaN,4,NaN
6.3631e+13,NaN,NaN,4,NaN
6.3631e+13,NaN,NaN,4,NaN
6.3631e+13,NaN,NaN,4,NaN
6.3631e+13,NaN,NaN,4,NaN
6.3631e+13,NaN,NaN,4,NaN
6.3631e+13,NaN,NaN,4,NaN
6.3631e+13,NaN,NaN,4,NaN
6.3631e+13,NaN,NaN,4,NaN
6.3631e+13,NaN,NaN,4,NaN
6.3631e+13,NaN,NaN,4,NaN
6.3631e+13,NaN,NaN,4,NaN
6.3631e+13,NaN,NaN,4,NaN
6.3631e+13,NaN,NaN,4,NaN
6.3631e+13,NaN,NaN,4,NaN
6.3631e+13,NaN,NaN,4,NaN
6.3631e+13,NaN,NaN,4,NaN
6.3631e+13,NaN,NaN,4,NaN
6.3631e+13,NaN,NaN,4,NaN
6.3631e+13,NaN,NaN,4,NaN
6.3631e+13,NaN,NaN,4,NaN
6.3631e+13,NaN,NaN,4,NaN
6.3631e+13,NaN,NaN,4,NaN
6.3631e+13,NaN,NaN,4,NaN
6.3631e+13,NaN,NaN,4,NaN
6.3631e+13,NaN,NaN,4,NaN
6.3631e+13,NaN,NaN,4,NaN
6.3631e+13,NaN,NaN,4,NaN
6.3631e+13,NaN,NaN,4,NaN
6.3631e+13,NaN,NaN,4,NaN
6.3631e+13,NaN,NaN,4,NaN
6.3631e+13,NaN,NaN,4,NaN
6.3631e+13,NaN,NaN,4,NaN
6.3631e+13,NaN,NaN,4,NaN
6.3631e+13,NaN,NaN,4,NaN
6.3631e+13,NaN,NaN,4,NaN
6.3631e+13,NaN,NaN,4,NaN
6.3631e+13,NaN,NaN,4,NaN
6.3631e+13,NaN,NaN,4,NaN
6.3631e+13,NaN,NaN,4,NaN
6.3631e+13,NaN,NaN,4,NaN
6.3631e+13,NaN,NaN,4,NaN
6.3631e+13,NaN,NaN,4,NaN
6.3631e+13,NaN,NaN,4,NaN
6.3631e+13,NaN,NaN,4,NaN
6.3631e+13,NaN,NaN,4,NaN
6.3631e+13,NaN,NaN,4,NaN
6.3631e+13,1023,874.25,0,11
6.3631e+13,1017.9,877.87,0,6.49
6.3631e+13,1008.3,886.75,0,0.78147
6.3631e+13,1016,876.45,0,12.186
6.3631e+13,985.27,914.61,0,16.118
6.3631e+13,986.27,913.91,0,2.5548
6.3631e+13,980.58,920.57,0,7.8265
6.3631e+13,1003.7,898.5,0,25.827
6.3631e+13,1055.3,903.58,0,100.84
6.3631e+13,1242,717.4,0,36.305
6.3631e+13,1156.7,866.99,0,66.698
6.3631e+13,1147.4,891.31,0,8.7193
6.3631e+13,1151.3,892.3,0,6.3495
6.3631e+13,1143.7,909.79,0,5.8357
6.3631e+13,1164.7,881.39,0,4.319
6.3631e+13,1152.4,900.39,0,11.433
6.3631e+13,1146.6,910.09,0,19.295
6.3631e+13,1119.8,947.48,0,8.1637
6.3631e+13,1136.8,932.23,0,6.9052
6.3631e+13,1136.6,935.83,0,38.2
6.3631e+13,1067.4,1021.9,0,72.745
6.3631e+13,1285.4,779.34,0,47.676
6.3631e+13,1164.7,919.22,0,70.452
6.3631e+13,1150.1,938.79,0,16.566
6.3631e+13,1128.5,952.45,0,500.12
6.3631e+13,1.2529e-13,1.0574e-13,0,497.46
6.3631e+13,NaN,NaN,4,NaN
6.3631e+13,NaN,NaN,4,NaN
6.3631e+13,NaN,NaN,4,NaN
6.3631e+13,NaN,NaN,4,NaN
6.3631e+13,NaN,NaN,4,NaN
6.3631e+13,NaN,NaN,4,NaN
6.3631e+13,NaN,NaN,4,NaN
6.3631e+13,NaN,NaN,4,NaN
6.3631e+13,NaN,NaN,4,NaN
6.3631e+13,NaN,NaN,4,NaN
6.3631e+13,NaN,NaN,4,NaN
6.3631e+13,NaN,NaN,4,NaN
6.3631e+13,NaN,NaN,4,NaN
6.3631e+13,NaN,NaN,4,NaN
6.3631e+13,NaN,NaN,4,NaN
6.3631e+13,NaN,NaN,4,NaN
6.3631e+13,NaN,NaN,4,NaN
6.3631e+13,NaN,NaN,4,NaN
6.3631e+13,NaN,NaN,4,NaN
6.3631e+13,NaN,NaN,4,NaN
6.3631e+13,1100.1,977.27,0,7.6968
6.3631e+13,1100.1,972.5,0,3.092
6.3631e+13,1097.9,968.35,0,4.7032
6.3631e+13,1100.7,958.55,0,3.8797
6.3631e+13,1099.8,957,0,92.398
6.3631e+13,1272.4,744.69,0,26.117
6.3631e+13,1143.9,893.25,0,79.626
6.3631e+13,1118.8,924.32,0,19.499
6.3631e+13,1108.4,938.97,0,15.252
6.3631e+13,1148.9,890.49,0,12.787
6.3631e+13,1131.1,908.52,0,12.48
6.3631e+13,1123.1,917.11,0,5.3584
6.3631e+13,1121.4,921.13,0,5.9928
6.3631e+13,1113.5,932.12,0,6.8922
6.3631e+13,1109.8,938,0,5.5922
6.3631e+13,1104.2,945.87,0,7.3915
6.3631e+13,1097.2,955.97,0,12.69
6.3631e+13,1129.7,918.06,0,8.6226
6.3631e+13,1117.3,940.03,0,31.949
6.3631e+13,1184.4,840.6,0,24.954
6.3631e+13,1160.5,879.9,0,30.998
6.3631e+13,1135.6,918.6,0,1.4151
6.3631e+13,1157.9,883.19,0,4.7606
6.3631e+13,1143,906.57,0,0.32154
6.3631e+13,1157.6,882.31,0,6.4367
6.3631e+13,1152.8,890.16,0,4.0723
6.3631e+13,1151.5,892.75,0,5.3659
6.3631e+13,1161,876.55,0,490.82
6.3631e+13,6.4697e-14,4.8243e-14,0,2.935
6.3631e+13,1156.6,884.04,0,497.16
6.3631e+13,1091.9,992.92,0,25.636
6.3631e+13,1118.2,949.73,0,29.274
6.3631e+13,1135.5,917.78,0,6.5746
6.3631e+13,1126.5,932.09,0,9.2021
6.3631e+13,1120.7,940.75,0,8.027
6.3631e+13,1113.7,952.2,0,22.044
6.3631e+13,1086.7,996.65,0,17.567
6.3631e+13,1086.9,996.89,0,12.834
6.3631e+13,1107.2,964.51,0,23.24
6.3631e+13,1123.6,938.48,0,8.0344
6.3631e+13,1113.5,941.51,0,5.0432
6.3631e+13,1111.1,946.81,0,106.7
6.3631e+13,957.75,1217.3,0,103.34
6.3631e+13,960.61,1214.1,0,28.688
6.3631e+13,1003,1145.2,0,38.636
6.3631e+13,1019.5,1115.7,0,19.541
6.3631e+13,1031.9,1094.9,0,18.385
6.3631e+13,1048.5,1069.4,0,13.758
6.3631e+13,1054.5,1060.9,0,6.461
6.3631e+13,1059.7,1053.9,0,4.9316
6.3631e+13,1063.4,1049.2,0,16.111
6.3631e+13,1086.7,1014.4,0,15.326
6.3631e+13,1089.2,1011.7,0,0.8551
6.3631e+13,1089.2,1014.1,0,8.9748
6.3631e+13,1108.2,993.08,0,4.4729
6.3631e+13,1086.7,1027.1,0,14.515
6.3631e+13,1084,1028.7,0,27.878
6.3631e+13,1038.3,1094.2,0,25.26
6.3631e+13,1041,1090.2,0,8.5808
6.3631e+13,1024.9,1115.9,0,2.3846
6.3631e+13,1039,1097,0,11.167
6.3631e+13,1045.2,1089.7,0,7.2249
6.3631e+13,1052.5,1080.3,0,9.6981
6.3631e+13,1062.5,1066.7,0,8.189
6.3631e+13,1067.4,1061.1,0,5.3801
6.3631e+13,1072.9,1054.6,0,54.637
6.3631e+13,1165.3,931.77,0,30.447
6.3631e+13,1132.1,986.29,0,12.118
6.3631e+13,1146.6,962.49,0,7.361
6.3631e+13,1143.3,967.51,0,3.7136
6.3631e+13,1140.8,971.91,0,2.9912
6.3631e+13,1139.2,975.4,0,3.0578
6.3631e+13,1136.7,979.99,0,1.796
6.3631e+13,1136.6,980.06,0,1.8742
6.3631e+13,1139.5,975.18,0,2.172
6.3631e+13,1139.7,974.38,0,0.43457
6.3631e+13,1138.4,975.85,0,7.252
6.3631e+13,1150.9,955.98,0,12.493
6.3631e+13,1114.6,1004.3,0,10.084
6.3631e+13,1130.6,978.01,0,7.2927
6.3631e+13,1125.4,985.54,0,3.0019
6.3631e+13,1125.2,985.09,0,2.7134
6.3631e+13,1120.3,991.79,0,4.589
6.3631e+13,1117.4,996.25,0,0.93765
6.3631e+13,1122.1,989.67,0,0.31579
6.3631e+13,1118.3,996.53,0,2.1871
6.3631e+13,1119.6,995.63,0,4.8826
6.3631e+13,1127.2,985.08,0,2.3962
6.3631e+13,1124.5,990.55,0,6.7452
6.3631e+13,1139.2,969.07,0,46.68
6.3631e+13,1055,1110.4,0,8.4995
6.3631e+13,1129.4,992.31,0,44.505
6.3631e+13,1125.5,998.7,0,28.147
6.3631e+13,1174.6,922.05,0,21.043
6.3631e+13,1159.5,946.29,0,4.903
6.3631e+13,1182.7,909.98,0,4.6047
6.3631e+13,1171.2,939.22,0,17.055
6.3631e+13,1165,957.41,0,9.9727
6.3631e+13,1162.3,967.45,0,13.349
6.3631e+13,1150.7,994.36,0,9.8546
6.3631e+13,1152.2,994.9,0,1.0182
6.3631e+13,1153,996.25,0,5.7611
6.3631e+13,1160,1010.1,0,86.698
6.3631e+13,1273.4,768.74,0,89.672
6.3631e+13,1272.5,768.89,0,0.53761
6.3631e+13,1271.8,768.6,0,23.316
6.3631e+13,1239.1,829.52,0,18.776
6.3631e+13,1244.4,817.15,0,8.871
6.3631e+13,1225.6,852.13,0,8.8786
6.3631e+13,1230.9,839.81,0,5.9739
6.3631e+13,1215.4,866.64,0,27.936
6.3631e+13,1190,911.96,0,23.723
6.3631e+13,1180.2,927.64,0,10.954
6.3631e+13,1172.6,939.38,0,36.416
6.3631e+13,1117.1,1015.4,0,120.63
6.3631e+13,988.84,1246.7,0,46.33
6.3631e+13,1048.7,1134.7,0,48.851
6.3631e+13,1057,1118.8,0,6.2327
6.3631e+13,1039,1150.4,0,18.54
6.3631e+13,1082.3,1069.9,0,34.82
6.3631e+13,1087.6,1059.2,0,21.631
6.3631e+13,1112.5,1013.2,0,23.071
6.3631e+13,1120.3,999.06,0,5.9276
6.3631e+13,1121.2,997.89,0,11.039
6.3631e+13,1136.1,970.31,0,13.672
6.3631e+13,1140.6,962.25,0,7.4508
6.3631e+13,1149,952.37,0,11.396
6.3631e+13,1128.1,993.69,0,18.309
6.3631e+13,1124.3,1000.8,0,1.6094
6.3631e+13,1130,989.31,0,18.225
6.3631e+13,1099.2,1048.7,0,21.039
6.3631e+13,1100.9,1044.6,0,10.366
6.3631e+13,1084.1,1075.5,0,5.7876
6.3631e+13,1092.2,1059.4,0,9.7357
6.3631e+13,1096.9,1049.6,0,6.496
6.3631e+13,1100.4,1041.9,0,4.5232
6.3631e+13,1102.2,1037.3,0,0.68283
6.3631e+13,1100.2,1039.9,0,8.2455
6.3631e+13,1110.6,1014.3,0,17.221
6.3631e+13,1122.1,993.73,0,27.984
6.3631e+13,1150.4,941.37,0,10.984
6.3631e+13,1137.5,964.97,0,15.732
6.3631e+13,1127.9,982.29,0,11.195
6.3631e+13,1121.3,993.99,0,1.0132
6.3631e+13,1126.4,984.88,0,5.8769
6.3631e+13,1130,978.87,0,0.2289
6.3631e+13,1126.7,985.48,0,0.25593
6.3631e+13,1130.2,979.6,0,0.68656
6.3631e+13,1126.3,987.47,0,4.5119
6.3631e+13,1124.3,991.62,0,3.3694
6.3631e+13,1133.2,980.29,0,25.428
6.3631e+13,1161.6,926,0,4.1904
6.3631e+13,1137.9,968.76,0,17.917
6.3631e+13,1135.7,972.5,0,2.93
6.3631e+13,1141.8,960.98,0,2.2578
6.3631e+13,1138.5,966.38,0,5.1428
6.3631e+13,1134.1,974.16,0,9.7067
6.3631e+13,1124.4,991.53,0,11.67
6.3631e+13,1117.2,1004.4,0,6.6846
6.3631e+13,1134.2,974.27,0,13.739
6.3631e+13,1137,968.75,0,0.25801
6.3631e+13,1134,973.54,0,86.605
6.3631e+13,1263.9,745.19,0,88.247
6.3631e+13,1264.3,746.3,0,60
6.3631e+13,1172.4,897.96,0,75.091
6.3631e+13,1149,937.02,0,29.641
6.3631e+13,1127.2,973.49,0,10.092
6.3631e+13,1133.6,962.74,0,3.1586
6.3631e+13,1131.9,965.35,0,5.6403
6.3631e+13,1125,977.08,0,5.8774
6.3631e+13,1123.2,980.5,0,0.24921
6.3631e+13,1125.7,977.13,0,0.73495
6.3631e+13,1125.1,979.28,0,1.0354
6.3631e+13,1125.1,980.16,0,90.086
6.3631e+13,1264,750.78,0,3.0234
6.3631e+13,1134,981.59,0,77.806
6.3631e+13,1149.1,951.17,0,15.151
6.3631e+13,1155.1,941.86,0,0.59758
6.3631e+13,1150.8,951.62,0,23.763
6.3631e+13,1123.7,1005,0,20.198
6.3631e+13,1124.7,1005.5,0,14.256
6.3631e+13,1145,968.47,0,15.087
6.3631e+13,1147.6,967.09,0,1.0632
6.3631e+13,1147.7,970.12,0,5.0232
6.3631e+13,1143.5,981.44,0,4.7505
6.3631e+13,1143.7,983.66,0,86.942
6.3631e+13,1263.8,753.06,0,87.148
6.3631e+13,1263.6,754.38,0,0.61485
6.3631e+13,1263.8,754.88,0,63.323
6.3631e+13,1195.5,929.59,0,91.917
6.3631e+13,1156.8,1005.9,0,47.216
6.3631e+13,1132,1054.5,0,31.009
6.3631e+13,1115.2,1088,0,22.122
6.3631e+13,1102.2,1113.1,0,16.882
6.3631e+13,1092.6,1132.7,0,13.28
6.3631e+13,1085.6,1148.8,0,4.1712
6.3631e+13,1088.5,1144.4,0,2.6337
6.3631e+13,1083.8,1156.4,0,37.86
6.3631e+13,1053.1,1251.1,0,23.342
6.3631e+13,1125.1,1100.8,0,28.367
6.3631e+13,1090.9,1175.8,0,37.284
6.3631e+13,1080,1201.9,0,29.171
6.3631e+13,1129.8,1098.5,0,62.079
6.3631e+13,1160.4,1036.1,0,39.204
6.3631e+13,1181.2,994.04,0,13.906
6.3631e+13,1178.9,999.16,0,14.066
6.3631e+13,1163.4,1031.8,0,21.999
6.3631e+13,1150.9,1058.2,0,17.806
6.3631e+13,1140.8,1079.6,0,9.3779
6.3631e+13,1139.5,1083.6,0,67.495
6.3631e+13,1054.8,1260.6,0,14.659
6.3631e+13,1164.1,1047.6,0,81.154
6.3631e+13,1165.4,1046.6,0,1.401
6.3631e+13,1163.8,1051.8,0,21.178
6.3631e+13,1194.4,990.81,0,23.677
6.3631e+13,1195.1,988.88,0,12.301
6.3631e+13,1210.1,957.83,0,20.129
6.3631e+13,1221.1,935.05,0,14.999
6.3631e+13,1229.3,917.63,0,4.0074
6.3631e+13,1225.6,924.05,0,2.6048
6.3631e+13,1231.8,910.34,0,9.356
6.3631e+13,1236.9,898.7,0,22.135
6.3631e+13,1196.9,965.97,0,36.043
6.3631e+13,1276.7,799.37,0,62.249
6.3631e+13,1276.9,799.41,0,0.17644
6.3631e+13,1277,798.91,0,0.39323
6.3631e+13,1276.9,798.24,0,0.40036
6.3631e+13,1276.7,797.75,0,0.33231
6.3631e+13,1276.5,797.36,0,19.441
6.3631e+13,1241.3,843.29,0,29.073
6.3631e+13,1224.2,865.98,0,13.222
6.3631e+13,1218,874.92,0,8.7282
6.3631e+13,1210.9,888.22,0,20.45
6.3631e+13,1190.1,928.8,0,60.023
6.3631e+13,1144.7,1053.7,0,51.588
6.3631e+13,1276.3,802.27,0,4.7316
6.3631e+13,1145.5,1039.6,0,121.65
6.3631e+13,1102.6,1118.9,0,26.883
6.3631e+13,1107.2,1109.7,0,10.496
6.3631e+13,1116.6,1091,0,10.608
6.3631e+13,1120.6,1081.2,0,4.3884
6.3631e+13,1120.6,1078.6,0,15.417
6.3631e+13,1141.2,1040.3,0,26.456
6.3631e+13,1157.8,1009.5,0,7.3581
6.3631e+13,1147.8,1019.4,0,5.8797
6.3631e+13,1144.2,1020.4,0,92.605
6.3631e+13,1281.6,779.31,0,20.717
6.3631e+13,1095.6,1058,0,56.088
6.3631e+13,1188.4,917.28,0,9.3976
6.3631e+13,1113.8,1036.9,0,21.293
6.3631e+13,1155,970.91,0,1.7564
6.3631e+13,1115.5,1032,0,25.304
6.3631e+13,1113.9,1033.8,0,14.325
6.3631e+13,1137,995.28,0,26.784
6.3631e+13,1154.7,965.56,0,6.2601
6.3631e+13,1146,979,0,7.613
6.3631e+13,1142.2,984.41,0,6.0758
6.3631e+13,1135.9,993.94,0,28.505
6.3631e+13,1092.8,1053.1,0,88.578
6.3631e+13,1263.8,764.19,0,75.119
6.3631e+13,1204.4,860.02,0,58.604
6.3631e+13,1171.7,911.78,0,35.393
6.3631e+13,1148.1,948.75,0,25.256
6.3631e+13,1131.1,974.85,0,3.7355
6.3631e+13,1152.3,938.49,0,24.56
6.3631e+13,1167.7,911.8,0,3.7342
6.3631e+13,1157.2,928.56,0,14.104
6.3631e+13,1145.7,947.38,0,8.7144
6.3631e+13,1143.2,950.31,0,4.8183
6.3631e+13,1137.4,959.02,0,58.314
6.3631e+13,1049.1,1095.6,0,16.504
6.3631e+13,1106.7,997.23,0,46.872
6.3631e+13,1119.4,975.54,0,9.1954
6.3631e+13,1120.7,973.78,0,22.978
6.3631e+13,1153.3,916.34,0,5.4293
6.3631e+13,1111.9,987.33,0,8.9773
6.3631e+13,1135.8,936.43,0,19.009
6.3631e+13,1135,935.83,0,11.337
6.3631e+13,1151.2,906.51,0,9.2668
6.3631e+13,1148.2,911.71,0,3.7651
6.3631e+13,1146,916.39,0,0.35069
6.3631e+13,1149.3,911.7,0,73.059
6.3631e+13,1261.8,733.02,0,70.356
6.3631e+13,1261,735.23,0,1.1903
6.3631e+13,1261.9,736.56,0,67.985
6.3631e+13,1161.3,910.72,0,79.123
6.3631e+13,1144.6,940.03,0,15.527
6.3631e+13,1138.7,950.9,0,7.9675
6.3631e+13,1133.3,960.81,0,0.47184
6.3631e+13,1138.4,952.25,0,12.232
6.3631e+13,1116.2,992.82,0,54.929
6.3631e+13,996.62,1032.9,0,503.23
6.3631e+13,1.1065e-13,1.1467e-13,0,483.51
6.3631e+13,NaN,NaN,4,NaN
6.3631e+13,NaN,NaN,4,NaN
6.3631e+13,NaN,NaN,4,NaN
6.3631e+13,NaN,NaN,4,NaN
6.3631e+13,NaN,NaN,4,NaN
6.3631e+13,NaN,NaN,4,NaN
6.3631e+13,NaN,NaN,4,NaN
6.3631e+13,NaN,NaN,4,NaN
6.3631e+13,NaN,NaN,4,NaN
6.3631e+13,NaN,NaN,4,NaN
6.3631e+13,NaN,NaN,4,NaN
6.3631e+13,NaN,NaN,4,NaN
6.3631e+13,NaN,NaN,4,NaN
6.3631e+13,NaN,NaN,4,NaN
6.3631e+13,NaN,NaN,4,NaN
6.3631e+13,NaN,NaN,4,NaN
6.3631e+13,NaN,NaN,4,NaN
6.3631e+13,933.28,1046.2,0,59.79
6.3631e+13,970.79,860.17,0,39.712
6.3631e+13,977.09,936.77,0,15.964
6.3631e+13,996.39,900.05,0,8.4039
6.3631e+13,999.45,925.71,0,13.536
6.3631e+13,1003.3,939.64,0,7.0738
6.3631e+13,1007.8,944.97,0,8.1756
6.3631e+13,1021,923.06,0,7.5634
6.3631e+13,1009.8,967.34,0,12.613
6.3631e+13,1022.1,960.48,0,13.544
6.3631e+13,1039.8,940.62,0,11.839
6.3631e+13,1048.2,937,0,80.577
6.3631e+13,1187.4,752.35,0,17.472
6.3631e+13,1074.4,981.78,0,90.384
6.3631e+13,1068.6,992.96,0,26.781
6.3631e+13,1109.1,910.25,0,1.8877
6.3631e+13,1071.1,987.92,0,49.05
6.3631e+13,1041.3,1039.1,0,1.7568
6.3631e+13,1067.2,991.44,0,31.599
6.3631e+13,1086.2,956.74,0,7.4096
6.3631e+13,1077.2,971.83,0,6.6479
6.3631e+13,1075.8,973.5,0,3.5365
6.3631e+13,1071.6,980.68,0,2.501
6.3631e+13,1071.8,979.77,0,104.71
6.3631e+13,912.55,1247.8,0,2.3114
6.3631e+13,1069.3,973.37,0,117.38
6.3631e+13,1086.8,946.06,0,0.89206
6.3631e+13,1071.8,972.48,0,11.031
6.3631e+13,1105,918.84,0,14.277
6.3631e+13,1095,937.02,0,12.926
6.3631e+13,1086.7,952.56,0,11.11
6.3631e+13,1079.6,966.2,0,7.1471
6.3631e+13,1077.3,971.59,0,1.8121
6.3631e+13,1078.2,971.39,0,2.2055
6.3631e+13,1075,977.71,0,1.9631
6.3631e+13,1075.9,976.75,0,13.459
6.3631e+13,1098,944.99,0,85.73
6.3631e+13,1208.2,759.34,0,23.477
6.3631e+13,1064.7,1006.2,0,94.872
6.3631e+13,1067.4,1003.3,0,493.48
6.3631e+13,1.1851e-13,1.1138e-13,0,493.48
6.3631e+13,NaN,NaN,4,NaN
6.3631e+13,NaN,NaN,4,NaN
6.3631e+13,NaN,NaN,4,NaN
6.3631e+13,NaN,NaN,4,NaN
6.3631e+13,NaN,NaN,4,NaN
6.3631e+13,NaN,NaN,4,NaN
6.3631e+13,NaN,NaN,4,NaN
6.3631e+13,NaN,NaN,4,NaN
6.3631e+13,NaN,NaN,4,NaN
6.3631e+13,NaN,NaN,4,NaN
6.3631e+13,NaN,NaN,4,NaN
6.3631e+13,NaN,NaN,4,NaN
6.3631e+13,NaN,NaN,4,NaN
6.3631e+13,NaN,NaN,4,NaN
6.3631e+13,NaN,NaN,4,NaN
6.3631e+13,NaN,NaN,4,NaN
6.3631e+13,NaN,NaN,4,NaN
6.3631e+13,NaN,NaN,4,NaN
6.3631e+13,NaN,NaN,4,NaN
6.3631e+13,NaN,NaN,4,NaN
6.3631e+13,NaN,NaN,4,NaN
6.3631e+13,NaN,NaN,4,NaN
6.3631e+13,NaN,NaN,4,NaN
6.3631e+13,NaN,NaN,4,NaN
6.3631e+13,NaN,NaN,4,NaN
6.3631e+13,NaN,NaN,4,NaN
6.3631e+13,NaN,NaN,4,NaN
6.3631e+13,NaN,NaN,4,NaN
6.3631e+13,NaN,NaN,4,NaN
6.3631e+13,1101.2,931.83,0,2.8003
6.3631e+13,1095.4,933.37,0,4.381
6.3631e+13,1104.7,919.29,0,5.8951
6.3631e+13,1103.4,917.84,0,3.966
6.3631e+13,1094.9,925.8,0,4.6032
6.3631e+13,1092.7,926.23,0,5.7275
6.3631e+13,1079.7,918.1,0,6.1386
6.3631e+13,1082.4,911.18,0,9.4005
6.3631e+13,1096.4,895.71,0,32.47
6.3631e+13,1147.3,839.91,0,38.231
6.3631e+13,1172.8,811.82,0,5.7507
6.3631e+13,1151,856.56,0,20.445
6.3631e+13,1148.5,867.46,0,4.3217
6.3631e+13,1150.8,869.38,0,4.5207
6.3631e+13,1147.1,880.81,0,9.7312
6.3631e+13,1140.3,896.29,0,4.3192
6.3631e+13,1143.4,893.07,0,4.9915
6.3631e+13,1134.5,909.92,0,46.82
6.3631e+13,1079.4,1016.4,0,70.561
6.3631e+13,1243.2,730.89,0,60.121
6.3631e+13,1166.6,860.73,0,62.451
6.3631e+13,1149,890.57,0,16.986
6.3631e+13,1140.6,903.93,0,8.1451
6.3631e+13,1160.9,869.49,0,9.6127
6.3631e+13,1154.7,879.11,0,10.873
6.3631e+13,1143.7,896.81,0,13.455
6.3631e+13,1133.7,913.08,0,12.063
6.3631e+13,1124.9,927.28,0,4.9755
6.3631e+13,1125.9,925.63,0,7.8517
6.3631e+13,1136.9,907.29,0,74.935
6.3631e+13,1240.8,735.14,0,6.108
6.3631e+13,1126.9,922.46,0,84.121
6.3631e+13,1111.2,948.62,0,19.364
6.3631e+13,1096.9,971.47,0,1.171
6.3631e+13,1112.9,945.6,0,6.2811
6.3631e+13,1106.2,955.32,0,8.2916
6.3631e+13,1099,965.89,0,7.4122
6.3631e+13,1093.7,973.42,0,3.8549
6.3631e+13,1092.2,975.07,0,0.7585
6.3631e+13,1091.9,974.79,0,11.154
6.3631e+13,1073,1002.1,0,10.77
6.3631e+13,1073,1000.5,0,74.467
6.3631e+13,1192,815.78,0,66.859
6.3631e+13,1178.7,832.55,0,7.9201
6.3631e+13,1176.2,833.17,0,2.0648
6.3631e+13,1174.1,836.66,0,1.7812
6.3631e+13,1173,837.37,0,0.64497
6.3631e+13,1172.5,837.71,0,0.37446
6.3631e+13,1172.1,838.03,0,13.88
6.3631e+13,1149,871.55,0,485.38
6.3631e+13,1.2757e-13,9.6762e-14,0,485.82
6.3631e+13,NaN,NaN,4,NaN
6.3631e+13,NaN,NaN,4,NaN
6.3631e+13,NaN,NaN,4,NaN
6.3631e+13,NaN,NaN,4,NaN
6.3631e+13,NaN,NaN,4,NaN
6.3631e+13,NaN,NaN,4,NaN
6.3631e+13,NaN,NaN,4,NaN
6.3631e+13,NaN,NaN,4,NaN
6.3631e+13,NaN,NaN,4,NaN
6.3631e+13,NaN,NaN,4,NaN
6.3631e+13,NaN,NaN,4,NaN
6.3631e+13,NaN,NaN,4,NaN
6.3631e+13,NaN,NaN,4,NaN
6.3631e+13,NaN,NaN,4,NaN
6.3631e+13,NaN,NaN,4,NaN
6.3631e+13,NaN,NaN,4,NaN
6.3631e+13,NaN,NaN,4,NaN
6.3631e+13,NaN,NaN,4,NaN
6.3631e+13,NaN,NaN,4,NaN
6.3631e+13,NaN,NaN,4,NaN
6.3631e+13,NaN,NaN,4,NaN
6.3631e+13,NaN,NaN,4,NaN
6.3631e+13,NaN,NaN,4,NaN
6.3631e+13,NaN,NaN,4,NaN
6.3631e+13,NaN,NaN,4,NaN
6.3631e+13,NaN,NaN,4,NaN
6.3631e+13,NaN,NaN,4,NaN
6.3631e+13,NaN,NaN,4,NaN
6.3631e+13,NaN,NaN,4,NaN
6.3631e+13,1155.4,872.42,0,5.4936
6.3631e+13,1144.8,887.61,0,49.525
6.3631e+13,1246.4,756.98,0,55.409
6.3631e+13,1244.2,756.55,0,1.3456
6.3631e+13,1245.5,753.09,0,1.6962
6.3631e+13,1246.5,752.07,0,1.0367
6.3631e+13,1248.5,752.37,0,0.95746
6.3631e+13,1249.3,752.03,0,0.48856
6.3631e+13,1249.8,751.71,0,14.715
6.3631e+13,1230.9,791.66,0,13.06
6.3631e+13,1233.6,786.95,0,3.2597
6.3631e+13,1235.7,783.22,0,5.3706
6.3631e+13,1227,801.44,0,22.167
6.3631e+13,1206.7,842.31,0,18.539
6.3631e+13,1248.9,750.94,0,43.95
6.3631e+13,1148.6,959.11,0,71.896
6.3631e+13,1156.8,943.5,0,6.2038
6.3631e+13,1141.8,976.24,0,8.8436
6.3631e+13,1168.7,920.08,0,33.751
6.3631e+13,1185,885.84,0,4.9693
6.3631e+13,1167,905.43,0,2.2675
6.3631e+13,1179.1,882.63,0,1.9182
6.3631e+13,1161.3,905.86,0,15.942
6.3631e+13,1150.4,920.31,0,10.93
6.3631e+13,1142,931.97,0,1.8963
6.3631e+13,1152.1,914.94,0,33.664
6.3631e+13,1120.3,1029.5,0,30.085
6.3631e+13,1139.9,1003.4,0,8.036
6.3631e+13,1129.5,1007.5,0,12.767
6.3631e+13,1113.8,1030.9,0,30.617
6.3631e+13,1083.8,1086.1,0,4.3819
6.3631e+13,1116.7,1018.2,0,22.219
6.3631e+13,1112.1,1026.5,0,1.7108
6.3631e+13,1112.4,1020.8,0,15.256
6.3631e+13,1129.7,984.76,0,13.009
6.3631e+13,1129,985.96,0,2.5134
6.3631e+13,1132.7,977.91,0,1.5012
6.3631e+13,1130.6,981.82,0,6.8219
6.3631e+13,1122.4,995.39,0,89.732
6.3631e+13,1244.2,740.89,0,50.404
6.3631e+13,1186.3,860.09,0,29.746
6.3631e+13,1205.8,820.38,0,8.3158
6.3631e+13,1175.4,882.26,0,37.99
6.3631e+13,1155.9,921.52,0,3.3103
6.3631e+13,1170.5,890.77,0,9.393
6.3631e+13,1167.8,896.33,0,5.5453
6.3631e+13,1177.7,875.93,0,1.7345
6.3631e+13,1170,891.67,0,0.26463
6.3631e+13,1178,875.24,0,0.27637
6.3631e+13,1170.2,890.88,0,30.153
6.3631e+13,1135.5,953.97,0,22.305
6.3631e+13,1136.3,947.73,0,11.297
6.3631e+13,1149.7,923.59,0,7.8052
6.3631e+13,1145.2,926.33,0,17.134
6.3631e+13,1171.2,877.54,0,20.608
6.3631e+13,1173.9,872.34,0,3.386
6.3631e+13,1166.7,886.49,0,12.842
6.3631e+13,1156.6,906.29,0,12.3
6.3631e+13,1150.4,919.19,0,8.9461
6.3631e+13,1145.2,930.31,0,4.2447
6.3631e+13,1145.4,930.74,0,7.1997
6.3631e+13,1155.5,911.57,0,75.99
6.3631e+13,1250.5,731.16,0,68.892
6.3631e+13,1251.3,730.86,0,0.20546
6.3631e+13,1251.1,731.39,0,0.39069
6.3631e+13,1251,731.98,0,0.30535
6.3631e+13,1250.9,732.27,0,26.009
6.3631e+13,1215.5,800.58,0,37.244
6.3631e+13,1200,830.45,0,35.736
6.3631e+13,1165.1,893.91,0,30.638
6.3631e+13,1156.5,910.3,0,1.1725
6.3631e+13,1167.3,891.19,0,13.513
6.3631e+13,1176.2,875.37,0,11.317
6.3631e+13,1183.8,861.93,0,144
6.3631e+13,969.22,1249.4,0,149.48
6.3631e+13,972.8,1252.3,0,1.9004
6.3631e+13,974.49,1251.4,0,9.5588
6.3631e+13,989.07,1229.1,0,7.1259
6.3631e+13,987.42,1234.7,0,3.1805
6.3631e+13,986.88,1238.2,0,2.1179
6.3631e+13,987.39,1240.9,0,10.705
6.3631e+13,1004.8,1212,0,9.6646
6.3631e+13,1003.4,1217.2,0,3.2321
6.3631e+13,1002.2,1221.2,0,2.558
6.3631e+13,1001.6,1224.5,0,2.0335
6.3631e+13,1001.3,1227.2,0,8.2319
6.3631e+13,998.22,1248.7,0,48.051
6.3631e+13,1077.4,1106.5,0,60.477
6.3631e+13,1085.4,1091.8,0,47.308
6.3631e+13,1146.9,984.49,0,33.379
6.3631e+13,1134.9,1006,0,15.309
6.3631e+13,1124.9,1024.3,0,9.7305
6.3631e+13,1121.2,1031.4,0,3.57
6.3631e+13,1120.1,1033.7,0,0.099369
6.3631e+13,1121.5,1031.4,0,0.60236
6.3631e+13,1119.2,1035.3,0,3.9445
6.3631e+13,1115.7,1041.6,0,3.6917
6.3631e+13,1113.9,1044.9,0,7.9158
6.3631e+13,1128.9,1022.2,0,78.064
6.3631e+13,996.84,1244.9,0,87.492
6.3631e+13,997.08,1245.9,0,35.194
6.3631e+13,1055.8,1158.6,0,65.851
6.3631e+13,1108.7,1085.5,0,49.113
6.3631e+13,1140.6,1040,0,31.37
6.3631e+13,1161.6,1008.8,0,14.388
6.3631e+13,1165.1,1005,0,9.6853
6.3631e+13,1178.4,985.46,0,6.2689
6.3631e+13,1176.1,990.04,0,5.9276
6.3631e+13,1169.8,1000.8,0,6.4719
6.3631e+13,1166.5,1006.7,0,23.301
6.3631e+13,1134.9,1060.6,0,28.613
6.3631e+13,1122.7,1079.5,0,3.6838
6.3631e+13,1140.1,1050.9,0,37.187
6.3631e+13,1180.1,985.13,0,22.059
6.3631e+13,1175,995.5,0,6.5376
6.3631e+13,1171.6,1002.6,0,3.1224
6.3631e+13,1171.4,1004.1,0,1.3871
6.3631e+13,1170.6,1006.6,0,3.3804
6.3631e+13,1167.5,1013.3,0,14.792
6.3631e+13,1149.6,1045.2,0,22.366
6.3631e+13,1134.9,1071.2,0,18.527
6.3631e+13,1122.5,1093,0,81.433
6.3631e+13,1012,1279.3,0,73.373
6.3631e+13,1009.8,1279.4,0,1.0841
6.3631e+13,1008.9,1278.5,0,59.072
6.3631e+13,1095,1126.1,0,64.588
6.3631e+13,1101.7,1110.7,0,11.413
6.3631e+13,1108.9,1095.2,0,24.66
6.3631e+13,1136.4,1046.3,0,17.748
6.3631e+13,1133.4,1048.6,0,12.443
6.3631e+13,1114.9,1076.3,0,10.35
6.3631e+13,1115.2,1073.3,0,2.0274
6.3631e+13,1110,1079.8,0,4.2355
6.3631e+13,1107,1082.9,0,16.115
6.3631e+13,1077.4,1114.9,0,3.356
6.3631e+13,1104.9,1073.2,0,24.234
6.3631e+13,1116.6,1054.5,0,8.4177
6.3631e+13,1118.4,1052.2,0,27.517
6.3631e+13,1158.1,984.17,0,21.945
6.3631e+13,1151.8,996.2,0,2.4347
6.3631e+13,1155.3,990.83,0,0.39024
6.3631e+13,1152.9,995.97,0,3.0059
6.3631e+13,1151.6,998.97,0,2.6182
6.3631e+13,1149.6,1003,0,0.67634
6.3631e+13,1151,1000.9,0,0.35065
6.3631e+13,1150.5,1002.4,0,5.2918
6.3631e+13,1146.7,1016,0,90.296
6.3631e+13,1276.5,765.82,0,54.275
6.3631e+13,1222.1,873.61,0,27.166
6.3631e+13,1240.1,837.81,0,5.9113
6.3631e+13,1211,887.24,0,25.682
6.3631e+13,1203.1,904.44,0,18.166
6.3631e+13,1186.8,935.42,0,15.177
6.3631e+13,1181.8,944.14,0,5.3236
6.3631e+13,1193.4,921.06,0,15.67
6.3631e+13,1202.7,902.6,0,5.3149
6.3631e+13,1200.4,906.9,0,15.313
6.3631e+13,1181.3,942.72,0,137.74
6.3631e+13,1015.6,1271.7,0,62.802
6.3631e+13,1266.2,776.72,0,186.03
6.3631e+13,1265.5,779.21,0,37.28
6.3631e+13,1218.6,876.62,0,54.996
6.3631e+13,1194.9,926.39,0,30.06
6.3631e+13,1181,957.58,0,2.1073
6.3631e+13,1193.4,932.48,0,16.017
6.3631e+13,1202.1,914.96,0,17.6
6.3631e+13,1153,965.62,0,29.287
6.3631e+13,1146.6,981.88,0,19.769
6.3631e+13,1124.7,1017,0,24.4
6.3631e+13,1112.9,1046,0,94.727
6.3631e+13,1048.6,1287.7,0,82.315
6.3631e+13,1057.8,1284.1,0,3.9317
6.3631e+13,1059.9,1284.9,0,0.81048
6.3631e+13,1060.2,1283.6,0,1.0199
6.3631e+13,1061.9,1282.6,0,0.78556
6.3631e+13,1062.2,1282.4,0,7.1952
6.3631e+13,1071,1263.3,0,16.222
6.3631e+13,1081.3,1238.2,0,16.158
6.3631e+13,1089.1,1218.8,0,13.327
6.3631e+13,1095.7,1201.4,0,10.867
6.3631e+13,1100.4,1188.6,0,10.261
6.3631e+13,1106.4,1172.8,0,47.21
6.3631e+13,1148,1056.8,0,31.558
6.3631e+13,1135.2,1083.7,0,5.1135
6.3631e+13,1141.4,1070.5,0,6.3881
6.3631e+13,1143.1,1066.5,0,0.16236
6.3631e+13,1141.1,1070.8,0,13.898
6.3631e+13,1161.7,1029.7,0,17.612
6.3631e+13,1164.8,1024.2,0,11.01
6.3631e+13,1176.8,1000.7,0,15.77
6.3631e+13,1186.1,982.55,0,12.346
6.3631e+13,1193.5,968.02,0,10.074
6.3631e+13,1199.6,955.85,0,0.71244
6.3631e+13,1194.6,966.23,0,516.7
6.3631e+13,1.3263e-13,1.0727e-13,0,517.58
6.3631e+13,NaN,NaN,4,NaN
6.3631e+13,NaN,NaN,4,NaN
6.3631e+13,NaN,NaN,4,NaN
6.3631e+13,NaN,NaN,4,NaN
6.3631e+13,NaN,NaN,4,NaN
6.3631e+13,NaN,NaN,4,NaN
6.3631e+13,NaN,NaN,4,NaN
6.3631e+13,NaN,NaN,4,NaN
6.3631e+13,NaN,NaN,4,NaN
6.3631e+13,NaN,NaN,4,NaN
6.3631e+13,NaN,NaN,4,NaN
6.3631e+13,NaN,NaN,4,NaN
6.3631e+13,NaN,NaN,4,NaN
6.3631e+13,NaN,NaN,4,NaN
6.3631e+13,NaN,NaN,4,NaN
6.3631e+13,NaN,NaN,4,NaN
6.3631e+13,NaN,NaN,4,NaN
6.3631e+13,NaN,NaN,4,NaN
6.3631e+13,NaN,NaN,4,NaN
6.3631e+13,NaN,NaN,4,NaN
6.3631e+13,1207,721.29,0,23.154
6.3631e+13,1261.5,660.29,0,50.302
6.3631e+13,1307.7,611.07,0,41.952
6.3631e+13,1347.2,569.93,0,35.832
6.3631e+13,1381.8,534.71,0,25.281
6.3631e+13,1402.7,519.37,0,15.951
6.3631e+13,1420.6,507.64,0,42.079
6.3631e+13,1450.8,634.65,0,177.49
6.3631e+13,1811.2,154,0,201.67
6.3631e+13,1810.8,156.36,0,34.837
6.3631e+13,1767.6,247.76,0,64.932
6.3631e+13,1730.2,331.45,0,50.211
6.3631e+13,1707.5,384.15,0,5.7976
6.3631e+13,1724.6,347.71,0,5.9749
6.3631e+13,1716.9,369.16,0,11.442
6.3631e+13,1713.7,379.88,0,5.1352
6.3631e+13,1725.3,356.42,0,8.2768
6.3631e+13,1725.6,358.42,0,1.0851
6.3631e+13,1726.2,359.52,0,68.541
6.3631e+13,1815.7,175.98,0,68.397
6.3631e+13,1816.6,177.74,0,614.53
6.3631e+13,1.0084e-13,9.8628e-15,0,0.024307
6.3631e+13,1816.7,177.81,0,614.89
6.3631e+13,1816.6,177.9,0,38.702
6.3631e+13,1771.8,283.58,0,45.53
6.3631e+13,1765.7,303.1,0,11.115
6.3631e+13,1765.5,315.97,0,13.713
6.3631e+13,1770.3,343.54,0,17.964
6.3631e+13,1775.5,368.35,0,15.679
6.3631e+13,1780.3,389,0,12.793
6.3631e+13,1785.5,404.98,0,10.591
6.3631e+13,1790.8,418.63,0,45.439
6.3631e+13,1842.7,527.16,0,42.353
6.3631e+13,1845,532.09,0,1.6408
6.3631e+13,1844.9,531.51,0,1.0815
6.3631e+13,1845,528.88,0,1.4767
6.3631e+13,1844.8,527.13,0,0.92346
6.3631e+13,1844.1,526.31,0,0.58966
6.3631e+13,1843.5,525.97,0,0.36974
6.3631e+13,1843,526.44,0,0.38849
6.3631e+13,1842.7,526.75,0,0.20311
6.3631e+13,1842.6,526.91,0,0.016261
6.3631e+13,1842.7,526.78,0,0.17268
6.3631e+13,1842.9,526.48,0,0.28016
6.3631e+13,1843.1,526.06,0,0.42858
6.3631e+13,1843.5,525.34,0,83.9
6.3631e+13,1898.5,283.24,0,135.95
6.3631e+13,1936.1,132.56,0,12.846
6.3631e+13,1911.8,247.48,0,42.393
6.3631e+13,1910.1,255.69,0,7.6309
6.3631e+13,1916.3,225.29,0,4.0192
6.3631e+13,1911.5,243.84,0,12.85
6.3631e+13,1906.9,262.24,0,8.0097
6.3631e+13,1903.4,266.19,0,36.649
6.3631e+13,1858.3,359.62,0,40.041
6.3631e+13,1852.1,373.43,2,38.311
6.3631e+13,1797.4,455.68,2,46.226
6.3631e+13,1773.1,485.59,2,245.16
6.3631e+13,1304.8,991.27,2,250.34
6.3631e+13,1285,1046,2,18.158
6.3631e+13,1281.5,1039.9,2,3.8466
6.3631e+13,1279.5,1036,0,5.1162
6.3631e+13,1271.6,1051.4,0,9.8798
6.3631e+13,1265.4,1061.7,0,5.8068
6.3631e+13,1261.6,1065.5,0,2.8217
6.3631e+13,1258.8,1066.8,0,10.808
6.3631e+13,1268.5,1034.1,0,9.1955
6.3631e+13,1264.7,1040.1,0,6.2178
6.3631e+13,1271.8,1016,0,5.3957
6.3631e+13,1263.5,1024.2,0,17.403
6.3631e+13,1224.4,1036.6,0,10.289
6.3631e+13,1245.9,999.17,0,5.1152
6.3631e+13,1233.6,1024.4,0,538
6.3631e+13,6.8452e-14,5.6795e-14,0,0.46791
6.3631e+13,1234,1025.8,0,535.88
6.3631e+13,1257.6,974.16,0,10.439
6.3631e+13,1247.4,997.78,0,2.4172
6.3631e+13,1261.2,967.92,0,19.165
6.3631e+13,1271.2,946.14,0,14.313
6.3631e+13,1279,929.35,0,11.159
6.3631e+13,1285.2,916.12,0,9.0087
6.3631e+13,1290.6,905.24,0,7.5455
6.3631e+13,1295.1,896.04,0,31.605
6.3631e+13,1332.2,821.2,0,28.595
6.3631e+13,1333.2,820.18,0,0.6319
6.3631e+13,1334,820.62,0,55.382
6.3631e+13,1257.5,966.09,0,61.894
6.3631e+13,1245.6,981.66,0,534.19
6.3631e+13,6.9582e-14,5.4116e-14,0,3.5099
6.3631e+13,1237.7,988.46,0,8.3778e-14
6.3631e+13,6.9111e-14,5.4634e-14,0,2.8533
6.3631e+13,1230.4,992.72,0,526.15
6.3631e+13,1225,968.91,0,17.189
6.3631e+13,1200.6,951.26,0,20.337
6.3631e+13,1177.1,932.25,0,19.252
6.3631e+13,1156.6,914.86,0,16.046
6.3631e+13,1140.3,901.95,0,67.035
6.3631e+13,1006.5,784.2,0,64.213
6.3631e+13,1003.8,768.94,0,4.4874
6.3631e+13,1005.4,770.92,0,1.1716
6.3631e+13,1006.8,770.58,0,0.81033
6.3631e+13,1007.5,772.13,0,0.78111
6.3631e+13,1008.6,772.04,0,0.75523
6.3631e+13,1009.7,771.72,0,0.67099
6.3631e+13,1010.6,771.76,0,0.61348
6.3631e+13,1011.5,772.01,0,0.64193
6.3631e+13,1012.5,772.22,0,30.713
6.3631e+13,994.74,682.39,0,43.308
6.3631e+13,974.29,649.46,0,101.96
6.3631e+13,693.27,655.32,0,100.65
6.3631e+13,678.89,604.62,0,19.278
6.3631e+13,674.91,601.12,0,2.8778
6.3631e+13,672.72,598.7,0,2.4828
6.3631e+13,670.65,595.11,0,43.172
6.3631e+13,707.52,475.36,0,52.063
6.3631e+13,713.2,446.53,0,19.095
6.3631e+13,717.3,419.53,0,24.832
6.3631e+13,726,373.94,0,27.867
6.3631e+13,730.99,337.95,0,14.705
6.3631e+13,729.74,330.45,0,10.912
6.3631e+13,732.09,305.57,0,43.551
6.3631e+13,674.68,447.42,0,23.091
6.3631e+13,681.59,351.92,0,33.4
6.3631e+13,630.95,536.4,0,47.117
6.3631e+13,643.86,486.61,0,16.338
6.3631e+13,642.13,489.21,0,7.7059
6.3631e+13,647.06,463.96,0,26.74
6.3631e+13,657.66,411.37,0,19.165
6.3631e+13,659,408.33,0,2.1551
6.3631e+13,657.68,417.76,0,7.2833
6.3631e+13,664.42,387.4,0,8.2963
6.3631e+13,660.39,393.29,0,5.8517
6.3631e+13,666.24,370.13,0,12.697
6.3631e+13,689.58,417.13,0,140.52
6.3631e+13,716.35,784.24,0,147.57
6.3631e+13,736.85,852.63,0,75.198
6.3631e+13,926.2,860.35,0,98.823
6.3631e+13,1029.8,868.77,0,57.504
6.3631e+13,1096.2,875.97,0,29.259
6.3631e+13,1114.5,888.06,0,13.8
6.3631e+13,1128.3,901.36,0,16.62
6.3631e+13,1161.1,904.1,0,13.222
6.3631e+13,1164.1,917.5,0,9.1634
6.3631e+13,1167.6,930.51,0,9.6671
6.3631e+13,1189.8,930.24,0,40.061
6.3631e+13,1194.5,1046.3,0,41.015
6.3631e+13,1211.7,1050,0,30.914
6.3631e+13,1139.3,1119.6,0,3.134
6.3631e+13,1220.2,1053.8,0,31.392
6.3631e+13,1209.3,1058.1,0,13.17
6.3631e+13,1231.4,1016.3,0,26.923
6.3631e+13,1244.4,986.3,0,19.045
6.3631e+13,1252.5,963.83,0,14.291
6.3631e+13,1258.3,946.23,0,11.493
6.3631e+13,1262.7,931.3,0,9.591
6.3631e+13,1266,918.82,0,2.4136
6.3631e+13,1255.6,931.91,0,38.435
6.3631e+13,1184.1,998.24,0,59.951
6.3631e+13,1143.1,1069.8,0,67.133
6.3631e+13,1087.2,1172.4,0,8.1761
6.3631e+13,1152.7,1047.5,0,71.105
6.3631e+13,1182.5,984.04,0,38.058
6.3631e+13,1200.5,945.13,0,23.852
6.3631e+13,1213.2,920.25,0,16.26
6.3631e+13,1222.2,902.02,0,3.4599
6.3631e+13,1216.9,910.65,0,8.5543
6.3631e+13,1209.6,924.07,0,0.27647
6.3631e+13,1216.1,910.91,0,9.1236
6.3631e+13,1221.6,899.82,0,39.699
6.3631e+13,1270,806.09,0,35.673
6.3631e+13,1269.4,805.29,0,26.874
6.3631e+13,1231.3,875.85,0,17.599
6.3631e+13,1244.2,851.1,0,14.325
6.3631e+13,1251.1,838.24,0,12.004
6.3631e+13,1226.6,882.08,0,31.165
6.3631e+13,1205.7,918.86,0,7.6303
6.3631e+13,1215.1,901.57,0,4.2546
6.3631e+13,1199,929.53,0,5.0715
6.3631e+13,1207.4,914.49,0,1.6814
6.3631e+13,1196.2,933.7,0,12.953
6.3631e+13,1188.1,947.79,0,60.949
6.3631e+13,1105.9,1090.5,0,39.055
6.3631e+13,1129.1,1047.6,0,18.088
6.3631e+13,1134.4,1045,0,71.65
6.3631e+13,1129.9,1260.2,0,101.2
6.3631e+13,1166.9,1343.6,0,44.914
6.3631e+13,1097,1389.5,0,599.49
6.3631e+13,1.2179e-13,1.5426e-13,0,596.36
6.3631e+13,NaN,NaN,4,NaN
6.3631e+13,NaN,NaN,4,NaN
6.3631e+13,NaN,NaN,4,NaN
6.3631e+13,NaN,NaN,4,NaN
6.3631e+13,NaN,NaN,4,NaN
6.3631e+13,NaN,NaN,4,NaN
6.3631e+13,NaN,NaN,4,NaN
6.3631e+13,NaN,NaN,4,NaN
6.3631e+13,NaN,NaN,4,NaN
6.3631e+13,NaN,NaN,4,NaN
6.3631e+13,NaN,NaN,4,NaN
6.3631e+13,NaN,NaN,4,NaN
6.3631e+13,NaN,NaN,4,NaN
6.3631e+13,NaN,NaN,4,NaN
6.3631e+13,NaN,NaN,4,NaN
6.3631e+13,NaN,NaN,4,NaN
6.3631e+13,NaN,NaN,4,NaN
6.3631e+13,NaN,NaN,4,NaN
6.3631e+13,NaN,NaN,4,NaN
6.3631e+13,NaN,NaN,4,NaN
6.3631e+13,NaN,NaN,4,NaN
6.3631e+13,NaN,NaN,4,NaN
6.3631e+13,NaN,NaN,4,NaN
6.3631e+13,NaN,NaN,4,NaN
6.3631e+13,NaN,NaN,4,NaN
6.3631e+13,NaN,NaN,4,NaN
6.3631e+13,NaN,NaN,4,NaN
6.3631e+13,NaN,NaN,4,NaN
6.3631e+13,NaN,NaN,4,NaN
6.3631e+13,1057.1,1262.2,0,16.092
6.3631e+13,1056.8,1238.9,0,79.82
6.3631e+13,1084,1026.8,0,78.589
6.3631e+13,1102.7,1010.1,0,14.715
6.3631e+13,1040.3,1028.4,0,18.309
6.3631e+13,1125,960.54,0,42.104
6.3631e+13,1136.8,948.92,0,1.5947
6.3631e+13,1125.6,955.85,0,7.6914
6.3631e+13,1152.9,932.71,0,6.882
6.3631e+13,1139.4,940.77,0,8.1543
6.3631e+13,1134.3,948.31,0,3.3622
6.3631e+13,1136.2,950.25,0,2.3865
6.3631e+13,1141.3,949.77,0,2.4234
6.3631e+13,1143.1,952.41,0,44.116
6.3631e+13,1086,1068.5,0,77.431
6.3631e+13,1017.3,1144.8,0,3.5469
6.3631e+13,1078.2,1075.5,0,44.627
6.3631e+13,1108,1048.2,0,39.14
6.3631e+13,1155.2,988.53,0,26.916
6.3631e+13,1158.1,986.01,0,10.691
6.3631e+13,1183.9,974.91,0,20.689
6.3631e+13,1206.1,947.65,0,21.053
6.3631e+13,1222.1,925.46,0,16.852
6.3631e+13,1234,906.13,0,3.6646
6.3631e+13,1220.2,914.75,0,9.0555
6.3631e+13,1210.6,919.39,0,58.923
6.3631e+13,1303.6,761.03,0,23.884
6.3631e+13,1146.8,950.37,0,84.012
6.3631e+13,1140.5,949.71,0,2.4104
6.3631e+13,1145.8,943.3,0,1.8037
6.3631e+13,1136.8,953.59,0,20.498
6.3631e+13,1106.9,990.11,0,9.7132
6.3631e+13,1124.4,979.59,0,10.072
6.3631e+13,1132.9,975.34,0,4.7585
6.3631e+13,1115.9,990.86,0,6.4975
6.3631e+13,1119.4,989.17,0,3.4559
6.3631e+13,1124.8,985.75,0,2.7315
6.3631e+13,1113.3,994.48,0,85.657
6.3631e+13,1331.7,837.98,0,22.228
6.3631e+13,1144.2,936.18,0,63.444
6.3631e+13,1164.1,923.82,0,10.252
6.3631e+13,1170.1,920.23,0,5.0076
6.3631e+13,1177.5,917.46,0,3.2338
6.3631e+13,1179.4,917.72,0,10.8
6.3631e+13,1205.9,902.6,0,8.7596
6.3631e+13,1202.5,905.76,0,3.216
6.3631e+13,1198.4,908.56,0,1.5177
6.3631e+13,1198.9,908.51,0,2.3343
6.3631e+13,1192.6,912.32,0,4.4224
6.3631e+13,1187.7,915.27,0,55.914
6.3631e+13,1336.1,828.89,0,49.787
6.3631e+13,1062.3,993.58,0,85.368
6.3631e+13,1118.9,959.5,0,33.779
6.3631e+13,1148.2,941.82,0,30.241
6.3631e+13,1195.3,912.27,0,16.832
6.3631e+13,1191.5,916.85,0,3.6843
6.3631e+13,1188.9,921.14,0,506.45
6.3631e+13,1.3199e-13,1.0227e-13,0,506.64
6.3631e+13,NaN,NaN,4,NaN
6.3631e+13,NaN,NaN,4,NaN
6.3631e+13,NaN,NaN,4,NaN
6.3631e+13,NaN,NaN,4,NaN
6.3631e+13,NaN,NaN,4,NaN
6.3631e+13,NaN,NaN,4,NaN
6.3631e+13,NaN,NaN,4,NaN
6.3631e+13,NaN,NaN,4,NaN
6.3631e+13,NaN,NaN,4,NaN
6.3631e+13,NaN,NaN,4,NaN
6.3631e+13,NaN,NaN,4,NaN
6.3631e+13,NaN,NaN,4,NaN
6.3631e+13,NaN,NaN,4,NaN
6.3631e+13,NaN,NaN,4,NaN
6.3631e+13,NaN,NaN,4,NaN
6.3631e+13,NaN,NaN,4,NaN
6.3631e+13,NaN,NaN,4,NaN
6.3631e+13,NaN,NaN,4,NaN
6.3631e+13,NaN,NaN,4,NaN
6.3631e+13,NaN,NaN,4,NaN
6.3631e+13,1173.1,921.55,0,5.3688
6.3631e+13,1167.5,926.94,0,4.6697
6.3631e+13,1162.5,930.45,0,23.914
6.3631e+13,1118.4,978.23,0,34.129
6.3631e+13,1090.7,1002,0,38.606
6.3631e+13,1046.2,1067.3,0,15.178
6.3631e+13,1068.3,1041.1,0,1.6803
6.3631e+13,1050.6,1064.8,0,4.5332
6.3631e+13,1060.7,1052.1,0,25.303
6.3631e+13,1097.4,1006.1,0,34.188
6.3631e+13,1124.3,973.04,0,14.801
6.3631e+13,1122.2,969.85,0,4.9377
6.3631e+13,1129.2,959.25,0,3.0973
6.3631e+13,1124.3,960.89,0,6.3516
6.3631e+13,1139.9,943.73,0,58.194
6.3631e+13,1007.7,1088.4,0,20.62
6.3631e+13,1092,981.77,0,57.217
6.3631e+13,1113.9,955.86,0,37.044
6.3631e+13,1170.3,904.6,0,18.079
6.3631e+13,1153.6,919.72,0,8.6712
6.3631e+13,1151.7,922.38,0,7.2294
6.3631e+13,1138.2,934.69,0,6.8932
6.3631e+13,1137,936.58,0,2.542
6.3631e+13,1144.8,931,0,10.589
6.3631e+13,1161.4,916.82,0,1.7431
6.3631e+13,1149.7,929.39,0,8.6197
6.3631e+13,1144.6,936.12,0,96.077
6.3631e+13,939.11,1121.7,0,8.8956
6.3631e+13,1126,954.86,0,81.298
6.3631e+13,1119.7,961.59,0,1.4737
6.3631e+13,1127.4,959.01,0,2.0013
6.3631e+13,1124.1,965.63,0,3.7285
6.3631e+13,1138.1,956.01,0,5.5151
6.3631e+13,1139,959.02,0,5.6589
6.3631e+13,1130.9,971.21,0,3.2362
6.3631e+13,1136.6,968.33,0,10.958
6.3631e+13,1155.6,949.97,0,3.5927
6.3631e+13,1146.7,964.76,0,12.583
6.3631e+13,1153.4,987.26,0,118.83
6.3631e+13,1397.1,1213.2,0,114.55
6.3631e+13,1405.4,1215.6,0,4.4302
6.3631e+13,1407.1,1221.7,0,4.2933
6.3631e+13,1416.2,1222.4,0,6.7941
6.3631e+13,1427.3,1221,0,5.6971
6.3631e+13,1433,1221,0,3.2801
6.3631e+13,1437,1221.7,0,1.2228
6.3631e+13,1436.6,1221.8,0,1.1161
6.3631e+13,1440,1223,0,2.1199
6.3631e+13,1442.4,1224.1,0,0.54684
6.3631e+13,1441.5,1223.6,0,3.1049
6.3631e+13,1449.4,1230.1,0,9.7772
6.3631e+13,1455.4,1249.1,0,6.0372
6.3631e+13,1459.2,1245.1,0,1.3793
6.3631e+13,1458.7,1246.7,0,4.6978
6.3631e+13,1449.5,1235.1,0,3.9094
6.3631e+13,1448.5,1241,0,2.725
6.3631e+13,1445.7,1242.3,0,2.2897
6.3631e+13,1444.3,1246.3,0,1.8747
6.3631e+13,1442,1246.4,0,1.4533
6.3631e+13,1440,1246.5,0,1.4874
6.3631e+13,1437.9,1248,0,2.4696
6.3631e+13,1436.1,1252.8,0,2.4812
6.3631e+13,1434.2,1254.4,0,1.5291
6.3631e+13,1432.5,1255.5,0,1.3213
6.3631e+13,1430.8,1256.4,0,1.2186
6.3631e+13,1429.4,1257.4,0,1.1026
6.3631e+13,1428,1258,0,1.0159
6.3631e+13,1426.7,1258.8,0,0.81533
6.3631e+13,1425.5,1258.2,0,0.83754
6.3631e+13,1424.6,1257.4,0,0.76119
6.3631e+13,1423.7,1256.8,0,1.2486
6.3631e+13,1422.7,1254.3,0,1.3468
6.3631e+13,1422.1,1253.2,0,0.50143
6.3631e+13,1421.9,1253,0,0.10025
6.3631e+13,1421.8,1253.1,0,0.81449
6.3631e+13,1421,1250.7,0,1.6492
6.3631e+13,1420.2,1248.5,0,1.5883
6.3631e+13,1419.4,1246.3,0,1.5789
6.3631e+13,1418.6,1244.1,0,1.5579
6.3631e+13,1418,1241.9,0,1.4977
6.3631e+13,1417.4,1239.8,0,1.4476
6.3631e+13,1416.9,1237.7,0,1.4093
6.3631e+13,1416.5,1235.7,0,1.3604
6.3631e+13,1416.1,1233.8,0,1.284
6.3631e+13,1415.7,1232,0,1.2231
6.3631e+13,1415.4,1230.2,0,1.172
6.3631e+13,1414.9,1228.6,0,1.1031
6.3631e+13,1414.5,1227.1,0,1.0281
6.3631e+13,1414.2,1225.6,0,0.95508
6.3631e+13,1413.9,1224.3,0,0.90393
6.3631e+13,1413.6,1223,0,0.84797
6.3631e+13,1413.4,1221.8,0,0.79708
6.3631e+13,1413.3,1220.7,0,0.20864
6.3631e+13,1413.9,1222.2,0,0.97377
6.3631e+13,1414.4,1223.3,0,0.81889
6.3631e+13,1415,1224.4,0,0.89665
6.3631e+13,1415.7,1225.7,0,0.98427
6.3631e+13,1416.4,1227,0,0.30853
6.3631e+13,1416.5,1226.1,0,0.55111
6.3631e+13,1416.6,1225.3,0,0.24073
6.3631e+13,1417.2,1226.1,0,0.87421
6.3631e+13,1418.1,1227.4,0,1.261
6.3631e+13,1419.8,1228.8,0,2.0503
6.3631e+13,1421.4,1232.5,0,2.7137
6.3631e+13,1423,1236.2,0,1.977
6.3631e+13,1425.7,1236.5,0,1.9303
6.3631e+13,1427.2,1240.1,0,0.97892
6.3631e+13,1428,1238.4,0,0.9545
6.3631e+13,1429.5,1241.8,0,0.92734
6.3631e+13,1430.3,1239.8,0,1.4623
6.3631e+13,1431.1,1237.7,0,0.7934
6.3631e+13,1432.5,1238.8,0,1.2304
6.3631e+13,1433.9,1240.1,0,1.7897
6.3631e+13,1435.6,1243.1,0,2.3442
6.3631e+13,1437.4,1246.1,0,2.294
6.3631e+13,1439,1249,0,1.5024
6.3631e+13,1440.3,1249.4,0,1.4554
6.3631e+13,1442,1252.2,0,2.1404
6.3631e+13,1443.7,1254.8,0,1.3301
6.3631e+13,1445.4,1254.1,0,1.2357
6.3631e+13,1446.9,1256.6,0,1.3873
6.3631e+13,1448.2,1257.1,0,0.79688
6.3631e+13,1449.2,1256,0,0.76122
6.3631e+13,1450,1255.8,0,0.93403
6.3631e+13,1451,1258,0,0.626
6.3631e+13,1451.4,1257.2,0,0.7584
6.3631e+13,1451.5,1255.8,0,0.68371
6.3631e+13,1451.5,1255.1,0,0.80333
6.3631e+13,1451.2,1253.5,0,1.2643
6.3631e+13,1450.6,1251.5,0,1.1757
6.3631e+13,1450,1250.2,0,1.0215
6.3631e+13,1449.2,1248.8,0,0.9091
6.3631e+13,1448.4,1248,0,0.96404
6.3631e+13,1447.3,1246.6,0,0.9943
6.3631e+13,1446.2,1246,0,1.0151
6.3631e+13,1445,1244.7,0,1.0478
6.3631e+13,1443.7,1244.2,0,0.95274
6.3631e+13,1442.5,1243.5,0,0.9098
6.3631e+13,1441.2,1243.2,0,0.92743
6.3631e+13,1440,1242.3,0,1.6937
6.3631e+13,1438.5,1239,0,1.6045
6.3631e+13,1437.3,1238.4,0,1.5872
6.3631e+13,1435.7,1235.1,0,1.5855
6.3631e+13,1434.5,1234.5,0,0.78186
6.3631e+13,1433.5,1234.7,0,0.69809
6.3631e+13,1432.5,1234.8,0,0.65127
6.3631e+13,1431.5,1234.8,0,0.60497
6.3631e+13,1430.8,1235.3,0,0.64226
6.3631e+13,1429.7,1234.3,0,0.74891
6.3631e+13,1428.9,1234.2,0,0.53837
6.3631e+13,1428.1,1234.1,0,0.52469
6.3631e+13,1427.4,1233.7,0,0.74582
6.3631e+13,1426.6,1232.5,0,1.5683
6.3631e+13,1425.5,1229.5,0,1.0296
6.3631e+13,1424.9,1230,0,0.51686
6.3631e+13,1424.2,1230.3,0,1.0586
6.3631e+13,1423.3,1227.3,0,0.91304
6.3631e+13,1422.8,1228,0,0.51597
6.3631e+13,1422.3,1228.5,0,0.35664
6.3631e+13,1421.8,1228.5,0,0.31877
6.3631e+13,1421.4,1228.4,0,0.30674
6.3631e+13,1421,1228.2,0,0.3486
6.3631e+13,1420.5,1227.9,0,0.30222
6.3631e+13,1420.1,1228,0,0.35527
6.3631e+13,1419.8,1228.7,0,0.5972
6.3631e+13,1419.5,1229.7,0,0.20559
6.3631e+13,1419.2,1229,0,0.29746
6.3631e+13,1419,1229,0,0.26446
6.3631e+13,1418.7,1228.5,0,0.18963
6.3631e+13,1418.5,1228.8,0,0.20891
6.3631e+13,1418.2,1228,0,0.20889
6.3631e+13,1418.1,1228.3,0,0.39342
6.3631e+13,1418.1,1229.2,0,0.74787
6.3631e+13,1417.9,1226.1,0,1.0969
6.3631e+13,1417.9,1225.9,0,0.28511
6.3631e+13,1417.9,1225.2,0,0.45479
6.3631e+13,1417.9,1224.6,0,0.029738
6.3631e+13,1417.9,1225.2,0,0.18467
6.3631e+13,1417.9,1225.1,0,0.13735
6.3631e+13,1417.9,1224.8,0,0.33282
6.3631e+13,1417.8,1224.1,0,0.08095
6.3631e+13,1417.7,1225,0,0.39691
6.3631e+13,1417.7,1225.3,0,0.37005
6.3631e+13,1417.6,1226,0,0.31589
6.3631e+13,1417.6,1226.3,0,0.13218
6.3631e+13,1417.6,1226.4,0,0.57094
6.3631e+13,1417.6,1227.9,0,0.89178
6.3631e+13,1417.6,1229.1,0,0.57336
6.3631e+13,1417.7,1229.6,0,0.24095
6.3631e+13,1417.7,1229.8,0,0.20636
6.3631e+13,1417.7,1230.3,0,0.48782
6.3631e+13,1417.6,1231.2,0,0.38446
6.3631e+13,1417.6,1231.4,0,0.35261
6.3631e+13,1417.6,1232.3,0,0.62894
6.3631e+13,1417.5,1233.3,0,0.59859
6.3631e+13,1417.5,1234.1,0,0.45356
6.3631e+13,1417.5,1234.6,0,0.29645
6.3631e+13,1417.5,1234.9,0,0.46222
6.3631e+13,1417.4,1236,0,0.62243
6.3631e+13,1417.9,1233.1,0,0.90724
6.3631e+13,1418,1233.4,0,0.19426
6.3631e+13,1418.2,1233.7,0,0.54778
6.3631e+13,1418.2,1235,0,0.7231
6.3631e+13,1418.3,1235.8,0,0.6863
6.3631e+13,1418.9,1233,0,1.8656
6.3631e+13,1419.4,1230.4,0,1.1912
6.3631e+13,1421.8,1231.1,0,1.5955
6.3631e+13,1424.1,1230.2,0,1.4583
6.3631e+13,1426.1,1230.2,0,45.772
6.3631e+13,1295.5,1273.9,0,56.796
6.3631e+13,1270.9,1296.2,0,11.89
6.3631e+13,1323.3,1295.6,0,15.999
6.3631e+13,1313.7,1275.4,0,14.663
6.3631e+13,1314.4,1253,0,15.693
6.3631e+13,1319.5,1229.2,0,15.709
6.3631e+13,1325,1207.6,0,14.594
6.3631e+13,1330.7,1187.4,0,12.412
6.3631e+13,1346.9,1177.9,0,12.027
6.3631e+13,1361.3,1169.1,0,10.469
6.3631e+13,1372.6,1160.5,0,10.693
6.3631e+13,1392.3,1162,0,119.7
6.3631e+13,1614,899.75,0,91.299
6.3631e+13,1590,976.65,0,19.612
6.3631e+13,1595.1,954.83,0,10.123
6.3631e+13,1593.9,946.86,0,19.778
6.3631e+13,1616,899.97,0,20.022
6.3631e+13,1599.3,887.67,0,10.081
6.3631e+13,1594.8,878.85,0,6.4257
6.3631e+13,1594.8,869.12,0,5.1976
6.3631e+13,1592.4,863.61,0,3.8343
6.3631e+13,1590.1,858.77,0,3.2847
6.3631e+13,1585.5,856.72,0,8.5713
6.3631e+13,1566.5,868.31,0,14.893
6.3631e+13,1585.7,812.51,0,20.559
6.3631e+13,1506.5,879.66,0,26.315
6.3631e+13,1526.2,863.15,0,35.043
6.3631e+13,1583.3,809.5,0,39.701
6.3631e+13,1611.9,782.25,0,5.3028
6.3631e+13,1595.2,799.15,0,13.259
6.3631e+13,1584.2,810.25,0,18.559
6.3631e+13,1555,836.85,0,4.8655
6.3631e+13,1572.4,818.53,0,3.1981
6.3631e+13,1545.7,838.73,0,21.36
6.3631e+13,1524.6,860.19,0,17.924
6.3631e+13,1504.7,872.69,0,15.222
6.3631e+13,1482.5,843.71,0,89.875
6.3631e+13,1681.8,673.09,0,37.717
6.3631e+13,1557.6,760.62,0,68.174
6.3631e+13,1518.2,792.22,0,22.336
6.3631e+13,1506.1,802.48,0,12.847
6.3631e+13,1488.8,816.56,0,7.874
6.3631e+13,1488.3,817.63,0,0.3767
6.3631e+13,1489.7,817.27,0,10.919
6.3631e+13,1513.7,797.4,0,9.8109
6.3631e+13,1513.6,800.66,0,1.373
6.3631e+13,1517.1,799.66,0,2.7749
6.3631e+13,1521,797.07,0,72.153
6.3631e+13,1672.7,652.52,0,5.4704
6.3631e+13,1537.2,795.9,0,63.006
6.3631e+13,1543.7,787.96,0,24.453
6.3631e+13,1585.8,741.99,0,3.4797
6.3631e+13,1535,793.47,0,12.463
6.3631e+13,1550.4,752.81,0,24.186
6.3631e+13,1562.1,726.99,0,15.913
6.3631e+13,1571.2,710.39,0,3.8119
6.3631e+13,1562.1,715.68,0,2.5063
6.3631e+13,1569.5,703.16,0,2.283
6.3631e+13,1557.6,710.66,0,11.084
6.3631e+13,1539.5,716.78,0,95.319
6.3631e+13,1309.2,846.1,0,67.627
6.3631e+13,1369.2,823.02,0,24.656
6.3631e+13,1268.6,907.06,0,30.78
6.3631e+13,1302.4,885.36,0,25.426
6.3631e+13,1331.3,864.94,0,19.803
6.3631e+13,1351.1,852.41,0,7.2441
6.3631e+13,1351.3,857.22,0,4.9403
6.3631e+13,1365.2,848.26,0,10.978
6.3631e+13,1378.2,838.71,0,18.898
6.3631e+13,1408,812.07,0,7.3027
6.3631e+13,1396.4,826.92,0,2.6674
6.3631e+13,1406,819.73,0,27.302
6.3631e+13,1456.8,772.95,0,3.8885
6.3631e+13,1409.7,830.65,0,54.618
6.3631e+13,1341.3,886.67,0,20.923
6.3631e+13,1358.6,865.84,0,21.869
6.3631e+13,1384.3,838.08,0,20.984
6.3631e+13,1400.9,820.14,0,12.133
6.3631e+13,1408.1,811.06,0,8.0795
6.3631e+13,1416.1,801.6,0,5.3168
6.3631e+13,1417.5,798.35,0,12.373
6.3631e+13,1442.1,775.69,0,12.685
6.3631e+13,1444.7,772.33,0,9.8329
6.3631e+13,1463.1,755.34,0,81.296
6.3631e+13,1622.5,609.18,0,72.508
6.3631e+13,1622.2,610.41,0,31.412
6.3631e+13,1552.9,671.25,0,47.16
6.3631e+13,1517.3,703.16,0,4.3607
6.3631e+13,1543.5,680.08,0,18.807
6.3631e+13,1559.3,666.37,0,11.843
6.3631e+13,1570,657.06,0,8.1516
6.3631e+13,1577.8,650.7,0,5.938
6.3631e+13,1583.7,645.86,0,4.5553
6.3631e+13,1588.2,642.15,0,3.5792
6.3631e+13,1591.9,639.21,0,2.9107
6.3631e+13,1595,636.83,0,11.309
6.3631e+13,1619.3,619.83,0,9.6649
6.3631e+13,1619.4,621.63,0,0.64862
6.3631e+13,1619.4,621.75,0,0.13126
6.3631e+13,1619.2,621.97,0,0.10253
6.3631e+13,1619.1,621.61,0,0.23608
6.3631e+13,1619.3,621.27,0,0.17251
6.3631e+13,1619.4,621.16,0,0.058408
6.3631e+13,1619.3,621.12,0,0.050086
6.3631e+13,1619.3,621.28,0,0.15979
6.3631e+13,1619.3,621.59,0,0.28058
6.3631e+13,1619.4,622.1,0,0.36117
6.3631e+13,1619.5,622.64,0,0.35719
6.3631e+13,1619.7,623.12,0,0.30159
6.3631e+13,1619.9,623.43,0,0.25635
6.3631e+13,1620.2,623.71,0,0.23627
6.3631e+13,1620.4,623.93,0,0.2031
6.3631e+13,1620.6,624.07,0,0.18171
6.3631e+13,1620.9,624.13,0,0.21233
6.3631e+13,1621.3,624.14,0,0.2348
6.3631e+13,1621.6,624.13,0,0.25733
6.3631e+13,1622,624.03,0,0.28315
6.3631e+13,1622.4,623.95,0,0.27216
6.3631e+13,1622.8,623.83,0,0.24749
6.3631e+13,1623.1,623.68,0,73.671
6.3631e+13,1458.1,767.71,0,1.8268
6.3631e+13,1626.2,619.23,0,36.185
6.3631e+13,1563,744.36,0,586.2
6.3631e+13,1.7352e-13,8.2641e-14,0,583.18
6.3631e+13,NaN,NaN,4,NaN
6.3631e+13,NaN,NaN,4,NaN
6.3631e+13,NaN,NaN,4,NaN
6.3631e+13,NaN,NaN,4,NaN
6.3631e+13,NaN,NaN,4,NaN
6.3631e+13,NaN,NaN,4,NaN
6.3631e+13,NaN,NaN,4,NaN
6.3631e+13,NaN,NaN,4,NaN
6.3631e+13,NaN,NaN,4,NaN
6.3631e+13,NaN,NaN,4,NaN
6.3631e+13,NaN,NaN,4,NaN
6.3631e+13,NaN,NaN,4,NaN
6.3631e+13,NaN,NaN,4,NaN
6.3631e+13,NaN,NaN,4,NaN
6.3631e+13,NaN,NaN,4,NaN
6.3631e+13,NaN,NaN,4,NaN
6.3631e+13,NaN,NaN,4,NaN
6.3631e+13,NaN,NaN,4,NaN
6.3631e+13,NaN,NaN,4,NaN
6.3631e+13,NaN,NaN,4,NaN
6.3631e+13,NaN,NaN,4,NaN
6.3631e+13,NaN,NaN,4,NaN
6.3631e+13,NaN,NaN,4,NaN
6.3631e+13,NaN,NaN,4,NaN
6.3631e+13,NaN,NaN,4,NaN
6.3631e+13,NaN,NaN,4,NaN
6.3631e+13,NaN,NaN,4,NaN
6.3631e+13,NaN,NaN,4,NaN
6.3631e+13,1457.3,880.21,0,0.96746
6.3631e+13,1458.2,879.41,0,1.4595
6.3631e+13,1461,877.87,0,1.6345
6.3631e+13,1463,879.21,0,5.3286
6.3631e+13,1457.4,893.28,0,5.2623
6.3631e+13,1459.7,894.47,0,104.62
6.3631e+13,1634.3,638.03,0,23.488
6.3631e+13,1464.6,964.02,0,112.45
6.3631e+13,1488.8,938.43,0,14.363
6.3631e+13,1493.2,932.41,0,9.883
6.3631e+13,1475.4,964.57,0,4.1105
6.3631e+13,1485.1,941.53,0,12.008
6.3631e+13,1488.3,931.31,0,7.1239
6.3631e+13,1491.6,921.41,0,8.4662
6.3631e+13,1497.3,907.88,0,4.133
6.3631e+13,1494.2,909.42,0,2.4865
6.3631e+13,1497.9,900.52,0,8.2728
6.3631e+13,1504.5,887.14,0,38.533
6.3631e+13,1544.7,796.15,0,32.532
6.3631e+13,1541.7,798.01,0,28.568
6.3631e+13,1591.4,725.36,0,5.7558
6.3631e+13,1558.8,798.82,0,33.718
6.3631e+13,1548.6,815.82,0,6.3134
6.3631e+13,1546.7,813.11,0,2.3377
6.3631e+13,1544.1,810.52,0,2.4781
6.3631e+13,1539.3,812.62,0,1.7814
6.3631e+13,1539.3,808.32,0,1.5784
6.3631e+13,1534.8,811.27,0,2.9587
6.3631e+13,1531.5,812.48,0,5.7413
6.3631e+13,1542.9,796.25,0,25.767
6.3631e+13,1564.9,743.65,0,7.473
6.3631e+13,1523.9,784.75,0,17.188
6.3631e+13,1530.1,780.97,0,2.3348
6.3631e+13,1522.2,791.45,0,11.829
6.3631e+13,1508.4,808.61,0,9.2241
6.3631e+13,1506.8,814.14,0,22.705
6.3631e+13,1442.7,793.71,0,49.598
6.3631e+13,1360.3,828.13,0,51.394
6.3631e+13,1300.8,849.61,0,36.622
6.3631e+13,1256.6,860.97,0,28.028
6.3631e+13,1220.1,869.85,0,23.539
6.3631e+13,1188.7,877.44,0,75.576
6.3631e+13,996.77,848.04,0,58.292
6.3631e+13,1077.9,744.55,0,8.4004
6.3631e+13,1013.8,829.83,0,46.893
6.3631e+13,993.71,855.42,0,12.024
6.3631e+13,991.43,857.64,0,30.22
6.3631e+13,939.17,926.64,0,17.721
6.3631e+13,959.99,899.81,0,3.072
6.3631e+13,935.32,918.37,0,11.647
6.3631e+13,931.3,919.11,0,10.628
6.3631e+13,911,938.48,0,9.0404
6.3631e+13,910.48,936.04,0,7.9855
6.3631e+13,923.26,918.19,0,13.325
6.3631e+13,872.72,947.85,0,40.502
6.3631e+13,833.44,998.11,0,3.4168
6.3631e+13,868.02,956.84,0,15.258
6.3631e+13,801.45,1030.2,0,29.13
6.3631e+13,810.05,1021,0,15.29
6.3631e+13,832,996.61,0,16.965
6.3631e+13,843.95,983.75,0,10.128
6.3631e+13,852.43,974.55,0,3.1987
6.3631e+13,850.84,977.22,0,2.8812
6.3631e+13,847.59,981.6,0,0.83262
6.3631e+13,850.19,979.61,0,4.8403
6.3631e+13,858.01,971.71,0,26.522
6.3631e+13,907.86,926.01,0,7.0911
6.3631e+13,853.06,992.17,0,10.578
6.3631e+13,888.25,950.53,0,16.711
6.3631e+13,884.92,954.14,0,3.5211
6.3631e+13,881.09,958.15,0,8.2747
6.3631e+13,868.57,972.47,0,22.824
6.3631e+13,837.56,1010.1,0,11.412
6.3631e+13,846.64,998.3,0,8.4564
6.3631e+13,852.96,990.24,0,0.031012
6.3631e+13,846.68,998.21,0,1.7806
6.3631e+13,849.58,994.31,0,7.0145
6.3631e+13,833.75,1014.5,0,24.024
6.3631e+13,892.03,937.01,0,43.164
6.3631e+13,910.2,911.7,0,0.358
6.3631e+13,891.11,937.53,0,15.792
6.3631e+13,882.55,949.56,0,10.254
6.3631e+13,873.19,962.14,0,4.6842
6.3631e+13,874.42,960.84,0,4.0333
6.3631e+13,866.48,972.05,0,9.3893
6.3631e+13,858.28,983.56,0,2.7609
6.3631e+13,862.2,979.04,0,3.4863
6.3631e+13,865.13,975.81,0,1.9635
6.3631e+13,866.32,974.92,0,9.9594
6.3631e+13,883.5,952.64,0,20.608
6.3631e+13,906.01,928.37,0,16.169
6.3631e+13,858.91,993.86,0,25.068
6.3631e+13,863.05,989.13,0,8.1553
6.3631e+13,874.19,975.09,0,8.6668
6.3631e+13,879.21,969.11,0,21.083
6.3631e+13,912.5,925.59,0,14.409
6.3631e+13,905.64,935.48,0,7.2832
6.3631e+13,926.07,908.77,0,11.982
6.3631e+13,927.7,907.58,0,0.76668
6.3631e+13,925.93,911.04,0,6.0256
6.3631e+13,918.14,922.7,0,2.2821
6.3631e+13,930.69,906.22,0,21.826
6.3631e+13,884.02,977.77,0,62.929
6.3631e+13,1044.2,757.82,0,51.29
6.3631e+13,973.86,854.85,0,59.946
6.3631e+13,939.67,901.87,0,33.737
6.3631e+13,914.93,935.83,0,20.9
6.3631e+13,903.08,951.97,0,6.8609
6.3631e+13,902.78,952.18,0,1.7914
6.3631e+13,899.94,956.26,0,1.8792
6.3631e+13,899.64,956.79,0,2.674
6.3631e+13,895.54,962.87,0,1.1285
6.3631e+13,897.88,959.64,0,2.5595
6.3631e+13,900.03,956.74,0,85.322
6.3631e+13,1040.3,750.2,0,2.2937
6.3631e+13,905.15,952.25,0,70.997
6.3631e+13,923.6,925.69,0,34.768
6.3631e+13,962.86,866.68,0,14.103
6.3631e+13,947.47,891.29,0,1.864
6.3631e+13,966.32,862.37,0,6.8005
6.3631e+13,958.66,874.49,0,2.6351
6.3631e+13,970.64,855.84,0,13.174
6.3631e+13,979.86,841.63,0,0.13344
6.3631e+13,970.95,856.09,0,1.0724
6.3631e+13,978.5,844.51,0,1.1513
6.3631e+13,969.57,859.22,0,37.956
6.3631e+13,1040.2,750.26,0,83.23
6.3631e+13,833.52,1065.5,0,108.74
6.3631e+13,866.28,1022.2,0,21.338
6.3631e+13,870.5,1014,0,1.0065
6.3631e+13,863.5,1023.2,0,18.332
6.3631e+13,900.05,968.33,0,28.833
6.3631e+13,910.9,951.98,0,3.2199
6.3631e+13,905.45,960.44,0,0.29607
6.3631e+13,911.46,952.66,0,4.7543
6.3631e+13,914.55,949.65,0,1.3483
6.3631e+13,911.39,956.66,0,5.6618
6.3631e+13,924.86,936.39,0,14.931
6.3631e+13,896.23,998.31,0,73.622
6.3631e+13,1044.7,753.65,0,10.81
6.3631e+13,912.07,970.4,0,82.624
6.3631e+13,916.09,962.47,0,2.0803
6.3631e+13,907.67,974.73,0,12.829
6.3631e+13,935.86,929.92,0,29.997
6.3631e+13,955.27,899.47,0,7.9441
6.3631e+13,937.52,953.44,0,34.049
6.3631e+13,920.28,994.3,0,4.4796
6.3631e+13,936.19,966.68,0,1.8974
6.3631e+13,922.41,999.52,0,22.351
6.3631e+13,909.28,1027.3,0,18.732
6.3631e+13,906.59,1052.8,0,81.868
6.3631e+13,801.68,1245.2,0,75.215
6.3631e+13,799.42,1248.7,0,1.685
6.3631e+13,798.9,1249.4,0,21.114
6.3631e+13,829.31,1193.6,0,56.662
6.3631e+13,881.03,1102.6,0,59.208
6.3631e+13,916.35,1040.9,0,12.823
6.3631e+13,899.03,1069.1,0,5.7266
6.3631e+13,924.24,1025.9,0,30.351
6.3631e+13,944.57,991.32,0,24.598
6.3631e+13,961.42,963.01,0,20.431
6.3631e+13,975.72,939.28,0,85.46
6.3631e+13,1093.2,746.21,0,76.292
6.3631e+13,1094.8,746.67,0,49.871
6.3631e+13,1019.4,874.54,0,33.596
6.3631e+13,1045.7,833.47,0,24.777
6.3631e+13,1059.3,812.79,0,13.37
6.3631e+13,1067.8,800.49,0,9.999
6.3631e+13,1044.2,838.33,0,10.068
6.3631e+13,1052.5,826.17,0,7.5363
6.3631e+13,1029.9,855.55,0,7.7921
6.3631e+13,1038.2,844.33,0,8.5682
6.3631e+13,1045.2,835.24,0,3.8757
6.3631e+13,1032.4,854.28,0,164.09
6.3631e+13,768.3,1236,0,56.151
6.3631e+13,932.52,987.7,0,88.563
6.3631e+13,912.89,1016.4,0,41.237
6.3631e+13,861.89,1087.7,0,23.181
6.3631e+13,872.93,1072.4,0,7.9425
6.3631e+13,848.57,1107.1,0,9.1561
6.3631e+13,888.27,1050,0,9.5815
6.3631e+13,854.26,1079.3,0,26.441
6.3631e+13,829.12,1101.6,0,5.3369
6.3631e+13,857.21,1063.7,0,9.2891
6.3631e+13,844.37,1078.6,0,4.4726
6.3631e+13,847.45,1072.7,0,49.529
6.3631e+13,759.67,1198.8,0,57.008
6.3631e+13,941.9,932.28,0,87.556
6.3631e+13,902.7,981.78,0,25.473
6.3631e+13,895.36,991.88,0,3.3945
6.3631e+13,896.4,989.64,0,6.5667
6.3631e+13,907,976.25,0,19.859
6.3631e+13,931.89,942.57,0,7.5088
6.3631e+13,913.96,955.07,0,3.4945
6.3631e+13,931.99,932.2,0,17.594
6.3631e+13,946.15,913.94,0,0.94119
6.3631e+13,934.78,932.25,0,11.164
6.3631e+13,929.58,942.65,0,36.752
6.3631e+13,886.15,1029.9,0,14.756
6.3631e+13,956.27,907.91,0,72.979
6.3631e+13,999.44,845.26,0,5.8599
6.3631e+13,952.23,890.99,0,36.516
6.3631e+13,923.38,922.49,0,21.43
6.3631e+13,910.45,938.96,0,12.248
6.3631e+13,901.58,951.6,0,7.5223
6.3631e+13,898.06,957.54,0,4.6289
6.3631e+13,894.99,963.65,0,6.7728
6.3631e+13,911.57,942.65,0,7.6633
6.3631e+13,911.98,948.52,0,3.4677
6.3631e+13,913.35,952.79,0,12.328
6.3631e+13,947.12,938.31,0,71.941
6.3631e+13,1038.4,779.68,0,22.892
6.3631e+13,980.4,879.06,0,25.816
6.3631e+13,999.3,845.58,0,24.237
6.3631e+13,939.05,937.94,0,51.906
6.3631e+13,861.56,914.66,0,48.569
6.3631e+13,800.03,899.7,0,37.695
6.3631e+13,752.25,890.73,0,29.137
6.3631e+13,714.93,884.24,0,23.468
6.3631e+13,683.03,898.58,0,19.578
6.3631e+13,657.55,893.48,0,16.963
6.3631e+13,633.15,905.52,0,65.593
6.3631e+13,466.71,854.83,0,97.473
6.3631e+13,408.21,1087.5,0,40.664
6.3631e+13,435.25,971.37,0,24.006
6.3631e+13,369.1,1027.9,0,71.244
6.3631e+13,281.9,1117,0,36.108
6.3631e+13,286.64,1096.4,0,5.07
6.3631e+13,268.3,1110.6,0,6.7639
6.3631e+13,268.57,1105.2,0,14.499
6.3631e+13,289.9,1073.3,0,14.397
6.3631e+13,290.83,1068.7,0,10.832
6.3631e+13,306.82,1046,0,17.194
6.3631e+13,320.49,1027.2,0,16.989
6.3631e+13,270.1,1080.6,0,31.834
6.3631e+13,257.63,1097.7,0,42.662
6.3631e+13,349.88,982.2,0,66.249
6.3631e+13,380.68,944.3,0,24.762
6.3631e+13,396.02,924.98,0,9.5007
6.3631e+13,371.94,971.11,0,27.458
6.3631e+13,356.21,996.1,0,15.498
6.3631e+13,347.83,1010.3,0,13.316
6.3631e+13,335.3,1029.7,0,12.178
6.3631e+13,328.41,1040.8,0,6.6453
6.3631e+13,324.93,1046.4,0,8.8838
6.3631e+13,313.97,1062.9,0,51.204
6.3631e+13,239.14,1171.9,0,44.988
6.3631e+13,236.59,1171.7,0,62.41
6.3631e+13,340.13,1016.6,0,83.967
6.3631e+13,375.15,964.51,0,31.879
6.3631e+13,392.96,938.08,0,17.275
6.3631e+13,404.04,922.13,0,1.6822
6.3631e+13,389.6,941.77,0,3.1697
6.3631e+13,398.02,929.36,0,8.9542
6.3631e+13,404.34,919.65,0,7.0687
6.3631e+13,409.27,911.65,0,10.515
6.3631e+13,381.15,940.54,0,34.589
6.3631e+13,338.63,986.16,0,36.408
6.3631e+13,442.24,851.39,0,57.13
6.3631e+13,441.13,851.06,0,118.93
6.3631e+13,208.93,1116.3,0,119.93
6.3631e+13,206.69,1119,0,3.758
6.3631e+13,201.9,1125,0,0.66567
6.3631e+13,208.34,1117.9,0,2.6238
6.3631e+13,197.42,1131.4,0,12.727
6.3631e+13,232.91,1089.2,0,11.983
6.3631e+13,220.41,1104.2,0,11.159
6.3631e+13,211.71,1114.7,0,8.2463
6.3631e+13,236.14,1085.5,0,23.713
6.3631e+13,256.75,1060.6,0,108.57
6.3631e+13,442.15,837.62,0,97.863
6.3631e+13,442.98,837.6,0,0.44064
6.3631e+13,443.41,837.27,0,0.44151
6.3631e+13,443.07,836.29,0,0.67921
6.3631e+13,443.02,835.3,0,0.64858
6.3631e+13,442.97,834.37,0,17.178
6.3631e+13,410.11,874.25,0,49.309
6.3631e+13,351.23,948.43,0,25.847
6.3631e+13,362.87,934.71,0,14.817
6.3631e+13,334.58,989.14,0,38.439
6.3631e+13,307.49,1034.5,0,32.668
6.3631e+13,285.53,1072.8,0,136.12
6.3631e+13,114.82,1389.6,0,119.96
6.3631e+13,122.13,1389.2,0,43.21
6.3631e+13,187.24,1283.8,0,56.036
6.3631e+13,208.94,1247.3,0,18.122
6.3631e+13,215.02,1237.7,0,7.7004
6.3631e+13,221.72,1228.4,0,29.567
6.3631e+13,264.06,1164.9,0,27.888
6.3631e+13,267.78,1159.6,0,3.9257
6.3631e+13,270.8,1155.4,0,16.136
6.3631e+13,295.05,1120.2,0,15.949
6.3631e+13,297.75,1116.5,0,12.237
6.3631e+13,316.07,1090.6,0,102.38
6.3631e+13,473.82,868.79,0,91.169
6.3631e+13,474.55,871.18,0,38.747
6.3631e+13,407.6,962.84,0,25.516
6.3631e+13,429.17,931.83,0,10.06
6.3631e+13,385.01,982.37,0,35.793
6.3631e+13,356.18,1009,0,8.9722
6.3631e+13,358.41,983.6,0,14.987
6.3631e+13,361.03,964.81,0,24.019
6.3631e+13,298.55,1022.3,0,21.239
6.3631e+13,311.11,1003.3,0,14.184
6.3631e+13,322.26,987.54,0,12.235
6.3631e+13,332.62,974.06,0,58.966
6.3631e+13,438.3,856.49,0,55.014
6.3631e+13,442.04,852.82,0,119.27
6.3631e+13,207.38,1124.9,0,120.38
6.3631e+13,215.2,1129,0,5.5575
6.3631e+13,211.5,1140.8,0,5.352
6.3631e+13,230.07,1123.4,0,9.1899
6.3631e+13,232.99,1124,0,1.7477
6.3631e+13,234.27,1126.4,0,4.6679
6.3631e+13,244.17,1115.9,0,10.63
6.3631e+13,255.61,1103.2,0,10.346
6.3631e+13,264.89,1093.2,0,6.7649
6.3631e+13,269.43,1088.6,0,106.74
6.3631e+13,472.05,853.42,0,8.8662
6.3631e+13,260.54,1113.4,0,104.19
6.3631e+13,280.49,1096.2,0,14.307
6.3631e+13,290.49,1083.3,0,9.0783
6.3631e+13,296.44,1074.5,0,5.0265
6.3631e+13,298.22,1070.5,0,3.4288
6.3631e+13,288.54,1080.9,0,6.0179
6.3631e+13,285.84,1083.4,0,11.929
6.3631e+13,310.8,1053.4,0,11.438
6.3631e+13,307.11,1056.9,0,8.1192
6.3631e+13,325.89,1034.6,0,5.8097
6.3631e+13,317.95,1043.5,0,32.074
6.3631e+13,262.71,1105.8,0,85.772
6.3631e+13,481.08,848,0,64.459
6.3631e+13,374.04,950.19,0,64.745
6.3631e+13,343.42,982.12,0,39.996
6.3631e+13,325.45,1058.5,0,46.509
6.3631e+13,291.43,1110,0,20.542
6.3631e+13,277.1,1095.7,0,18.178
6.3631e+13,282.83,1056.8,0,9.5706
6.3631e+13,248.83,1092.9,0,21.436
6.3631e+13,235.98,1099.8,0,8.4215
6.3631e+13,226.22,1103.5,0,6.2506
6.3631e+13,218.52,1106.1,0,21.101
6.3631e+13,165.3,1118.1,0,94.667
6.3631e+13,372.39,870.94,0,93.389
6.3631e+13,337.5,900.83,0,45.855
6.3631e+13,270.73,961.46,0,44.831
6.3631e+13,234.2,984.74,0,36.506
6.3631e+13,179.35,1019.7,0,23.761
6.3631e+13,164.97,971.22,0,18.07
6.3631e+13,135.66,988.59,0,331.86
6.3631e+13,8.7218e-15,5.4426e-14,0,7.7285
6.3631e+13,114.21,996.72,0,338.05
6.3631e+13,96.897,998.81,0,31.021
6.3631e+13,80.922,910.86,0,59.584
6.3631e+13,63.381,825.14,0,287.53
6.3631e+13,-114.32,79.946,0,44.171
6.3631e+13,-36.148,910.5,0,128.73
6.3631e+13,-85.902,461.03,0,176.19
6.3631e+13,-98.697,391.22,0,25.801
6.3631e+13,-104.17,386.65,0,3.5289
6.3631e+13,-109.13,390.31,0,6.155
6.3631e+13,-118.7,375.56,0,25.559
6.3631e+13,-98.005,465.36,0,54.863
6.3631e+13,-86.604,535.23,0,160.2
6.3631e+13,-9.6149e-15,5.9422e-14,0,182.65
6.3631e+13,3.8452e-15,-3.1871e-14,0,194.81
6.3631e+13,-69.268,574.13,0,204.56
6.3631e+13,-50.747,605.12,0,22.547
6.3631e+13,-33.241,630.54,0,103.16
6.3631e+13,135.42,848.26,0,100.1
6.3631e+13,147.23,866.59,0,9.0938
6.3631e+13,154.18,867.67,0,4.7559
6.3631e+13,160.91,870.05,0,296.87
6.3631e+13,1.7865e-14,9.6595e-14,0,298.06
6.3631e+13,NaN,NaN,4,NaN
6.3631e+13,NaN,NaN,4,NaN
6.3631e+13,NaN,NaN,4,NaN
6.3631e+13,NaN,NaN,4,NaN
6.3631e+13,NaN,NaN,4,NaN
6.3631e+13,NaN,NaN,4,NaN
6.3631e+13,NaN,NaN,4,NaN
6.3631e+13,NaN,NaN,4,NaN
6.3631e+13,9.1085e-15,4.8221e-14,0,2.3485
6.3631e+13,174.36,878.08,0,293.03
6.3631e+13,201.28,846.25,0,25.176
6.3631e+13,240.29,842.89,0,16.751
6.3631e+13,232.02,885.33,0,35.687
6.3631e+13,206.6,943.33,0,38.97
6.3631e+13,186.13,991.52,0,11.979
6.3631e+13,214.07,978.1,0,130.25
6.3631e+13,74.867,1361.8,0,139.68
6.3631e+13,58.7,1362.5,0,32.073
6.3631e+13,121.52,1278.8,0,57.706
6.3631e+13,162.88,1226.6,0,6.985
6.3631e+13,131.69,1260.8,0,8.3955
6.3631e+13,144.3,1243.2,0,1.9348
6.3631e+13,126.4,1263,0,1.1809
6.3631e+13,145.51,1239.9,0,34.602
6.3631e+13,190.35,1182.6,0,46.957
6.3631e+13,232.57,1131,0,41.077
6.3631e+13,267.45,1088.1,2,34.155
6.3631e+13,296.69,1052.5,2,309.95
6.3631e+13,742.35,300.09,2,220.4
6.3631e+13,652.98,503.74,2,112.74
6.3631e+13,608.21,606.71,2,26.342
6.3631e+13,625.62,577,2,16.477
6.3631e+13,633.4,564.78,2,7.2916
6.3631e+13,637.93,559.19,2,3.3079
6.3631e+13,639.87,557.4,0,13.608
6.3631e+13,656.65,523.4,0,10.941
6.3631e+13,656.05,529.24,0,1.9132
6.3631e+13,657.56,529.01,0,0.97621
6.3631e+13,658.76,528.2,0,7.6543
6.3631e+13,668.19,508.93,0,78.374
6.3631e+13,561.08,739.35,0,36.034
6.3631e+13,639.16,405.97,0,100.87
6.3631e+13,633.72,448.87,0,21.428
6.3631e+13,628.46,468.68,0,12.335
6.3631e+13,623.28,483.97,0,7.0993
6.3631e+13,631.29,447.79,0,21.044
6.3631e+13,635.95,422.79,0,15.186
6.3631e+13,638.92,403.36,0,4.7046
6.3631e+13,628.55,410.95,0,6.4567
6.3631e+13,623.94,415.32,0,5.2098
6.3631e+13,618.35,422.58,0,3.9374
6.3631e+13,615.74,423.65,0,89.375
6.3631e+13,507.47,663.61,0,15.229
6.3631e+13,601.5,466.56,0,101.7
6.3631e+13,629.39,387.43,0,20.983
6.3631e+13,620.29,407.17,0,1.9144
6.3631e+13,629.85,381.76,0,14.539
6.3631e+13,635.87,366.92,0,4.5996
6.3631e+13,626.21,394.92,0,5.2312
6.3631e+13,631.08,381.69,0,14.022
6.3631e+13,612.55,434.24,0,248.45
6.3631e+13,6.8007e-14,4.821e-14,0,252.94
6.3631e+13,NaN,NaN,4,NaN
6.3631e+13,NaN,NaN,4,NaN
6.3631e+13,NaN,NaN,4,NaN
6.3631e+13,NaN,NaN,4,NaN
6.3631e+13,NaN,NaN,4,NaN
6.3631e+13,NaN,NaN,4,NaN
6.3631e+13,NaN,NaN,4,NaN
6.3631e+13,NaN,NaN,4,NaN
6.3631e+13,NaN,NaN,4,NaN
6.3631e+13,NaN,NaN,4,NaN
6.3631e+13,NaN,NaN,4,NaN
6.3631e+13,NaN,NaN,4,NaN
6.3631e+13,NaN,NaN,4,NaN
6.3631e+13,NaN,NaN,4,NaN
6.3631e+13,NaN,NaN,4,NaN
6.3631e+13,NaN,NaN,4,NaN
6.3631e+13,NaN,NaN,4,NaN
6.3631e+13,NaN,NaN,4,NaN
6.3631e+13,NaN,NaN,4,NaN
6.3631e+13,NaN,NaN,4,NaN
6.3631e+13,NaN,NaN,4,NaN
6.3631e+13,NaN,NaN,4,NaN
6.3631e+13,NaN,NaN,4,NaN
6.3631e+13,NaN,NaN,4,NaN
6.3631e+13,NaN,NaN,4,NaN
6.3631e+13,NaN,NaN,4,NaN
6.3631e+13,NaN,NaN,4,NaN
6.3631e+13,NaN,NaN,4,NaN
6.3631e+13,NaN,NaN,4,NaN
6.3631e+13,NaN,NaN,4,NaN
6.3631e+13,NaN,NaN,4,NaN
6.3631e+13,NaN,NaN,4,NaN
6.3631e+13,NaN,NaN,4,NaN
6.3631e+13,613.07,426.07,0,35.531
6.3631e+13,524.03,454.74,0,100.69
6.3631e+13,558.62,132.19,0,49.842
6.3631e+13,545.76,308.39,0,47.359
6.3631e+13,557.6,272.77,0,4.0067
6.3631e+13,557.3,311.27,0,20.698
6.3631e+13,558.35,334.21,0,11.484
6.3631e+13,560.24,345.23,0,14.299
6.3631e+13,557.69,376.65,0,6.3339
6.3631e+13,564.59,363.52,0,8.638
6.3631e+13,570.82,354.63,0,2.6185
6.3631e+13,570.88,368.08,0,3.1031
6.3631e+13,576.31,362.02,0,56.369
6.3631e+13,560.27,535.08,0,35.12
6.3631e+13,518.09,448.51,0,26.969
6.3631e+13,514.3,469.53,0,44.333
6.3631e+13,493.74,577.84,0,26.34
6.3631e+13,498.18,546.04,0,13.21
6.3631e+13,499.02,538.98,0,4.8928
6.3631e+13,500.05,531.64,0,9.3006
6.3631e+13,495.71,566.39,0,5.161
6.3631e+13,503.86,516.8,0,22.109
6.3631e+13,506.72,501.69,0,3.3988
6.3631e+13,503.05,526.85,0,2.5382
6.3631e+13,509.85,494.84,0,79.182
6.3631e+13,472.46,759.91,0,29.777
6.3631e+13,556.56,419.8,0,143.7
6.3631e+13,582.78,347.85,0,37.789
6.3631e+13,587.57,311.99,0,10.598
6.3631e+13,570.83,376.95,0,27.779
6.3631e+13,564.92,391.28,0,7.2868
6.3631e+13,562.33,396.84,0,3.1907
6.3631e+13,560.94,399.88,0,1.3383
6.3631e+13,560.52,400.38,0,1.8068
6.3631e+13,559.45,405.03,0,5.9797
6.3631e+13,560.34,382.63,0,14.087
6.3631e+13,560.68,363.23,0,111.19
6.3631e+13,589.11,711.44,0,2.0927
6.3631e+13,564.97,358.74,0,153.38
6.3631e+13,557.67,257.23,0,6.3056
6.3631e+13,577.83,345.14,0,37.734
6.3631e+13,586.2,365.55,0,7.1267
6.3631e+13,581.92,324.38,0,16.679
6.3631e+13,602.19,412.4,0,46.57
6.3631e+13,616.2,458.31,0,8.296
6.3631e+13,617.38,431.78,0,15.613
6.3631e+13,619.79,412.1,0,5.7819
6.3631e+13,626.2,417.06,0,5.2572
6.3631e+13,632.74,420.82,0,103.1
6.3631e+13,681.79,718.02,0,30.799
6.3631e+13,711.94,466.48,0,77.131
6.3631e+13,698.99,489.7,0,13.197
6.3631e+13,692.16,500.29,0,10.985
6.3631e+13,683.41,518.35,0,12.844
6.3631e+13,674.51,534.09,0,10.496
6.3631e+13,667.66,545.23,0,4.7857
6.3631e+13,678.69,520.51,0,6.7793
6.3631e+13,673.63,526.01,0,2.4455
6.3631e+13,673.07,525.1,0,1.4589
6.3631e+13,672.84,521.75,0,1.3757
6.3631e+13,670.84,521.68,0,6.8121
6.3631e+13,653.24,516.8,0,18.288
6.3631e+13,681.39,468.43,0,11.826
6.3631e+13,670.93,486.47,0,11.752
6.3631e+13,663.1,498.14,0,5.2595
6.3631e+13,662.69,499.74,0,1.2041
6.3631e+13,662.1,501.57,0,12.086
6.3631e+13,644.34,530.57,0,2.2368
6.3631e+13,659.79,507.8,0,5.0276
6.3631e+13,656.24,521.57,0,15.11
6.3631e+13,646.88,550.75,0,3.7965
6.3631e+13,657.82,532.73,0,7.374
6.3631e+13,659.73,533.04,0,108.18
6.3631e+13,544.19,833.1,0,29.215
6.3631e+13,642.27,617.98,0,71.452
6.3631e+13,633.05,640.5,0,4.3222
6.3631e+13,638.85,630.35,0,2.2525
6.3631e+13,632.29,647.15,0,2.4166
6.3631e+13,642.21,624.01,0,7.9361
6.3631e+13,641.9,625.64,0,13.035
6.3631e+13,657.34,588.4,0,11.426
6.3631e+13,655.51,594.57,0,1.0851
6.3631e+13,657.83,591.58,0,9.9443
6.3631e+13,667.24,567.48,0,7.2948
6.3631e+13,667.04,571.98,0,72.174
6.3631e+13,741.59,366.54,0,3.0941
6.3631e+13,673.93,565.91,0,65.605
6.3631e+13,677.63,550.49,0,18.772
6.3631e+13,652.7,617.43,0,17.509
6.3631e+13,658.78,598.93,0,10.045
6.3631e+13,661.81,589.03,0,4.53
6.3631e+13,662.35,585.96,0,2.6261
6.3631e+13,663.39,581.4,0,11.82
6.3631e+13,673.21,552.6,0,7.293
6.3631e+13,669.5,560.63,0,13.013
6.3631e+13,660.19,588.97,0,7.6246
6.3631e+13,662.03,581.99,0,10.941
6.3631e+13,665.34,556.9,0,3.4902
6.3631e+13,659.99,571.84,0,9.4378
6.3631e+13,655.86,583.26,0,3.5991
6.3631e+13,656.73,582.01,0,0.26464
6.3631e+13,656.64,583.34,0,1.4337
6.3631e+13,656.48,586.26,0,38.132
6.3631e+13,769.65,576.76,0,296.5
6.3631e+13,4.2592e-14,3.1291e-14,0,4.473
6.3631e+13,NaN,NaN,4,NaN
6.3631e+13,NaN,NaN,4,NaN
6.3631e+13,NaN,NaN,4,NaN
6.3631e+13,NaN,NaN,4,NaN
6.3631e+13,9.0499e-14,6.1412e-14,0,331.85
6.3631e+13,NaN,NaN,4,NaN
6.3631e+13,NaN,NaN,4,NaN
6.3631e+13,NaN,NaN,4,NaN
6.3631e+13,NaN,NaN,4,NaN
6.3631e+13,NaN,NaN,4,NaN
6.3631e+13,NaN,NaN,4,NaN
6.3631e+13,4.6435e-14,3.1211e-14,0,12.407
6.3631e+13,870.28,496.79,0,338.49
6.3631e+13,986.79,189.5,0,187.98
6.3631e+13,1110.5,1000.5,0,189.47
6.3631e+13,1071.7,745.5,0,154.63
6.3631e+13,1033,548.06,0,102.57
6.3631e+13,1012.2,446.9,0,56.056
6.3631e+13,999.45,385.07,0,372.74
6.3631e+13,5.5997e-14,2.3717e-14,0,14.55
6.3631e+13,990.15,342.9,0,353.37
6.3631e+13,980.18,373.65,0,38.942
6.3631e+13,974.58,457.44,0,50.845
6.3631e+13,971.98,524.37,0,40.298
6.3631e+13,971.12,577.01,0,14.334
6.3631e+13,967.49,566.68,0,130.32
6.3631e+13,993.89,963.21,0,20.177
6.3631e+13,964,626.47,0,59.43
6.3631e+13,987.76,786.9,0,387.29
6.3631e+13,1.0966e-13,8.7363e-14,0,425.43
6.3631e+13,NaN,NaN,4,NaN
6.3631e+13,NaN,NaN,4,NaN
6.3631e+13,NaN,NaN,4,NaN
6.3631e+13,NaN,NaN,4,NaN
6.3631e+13,NaN,NaN,4,NaN
6.3631e+13,1053.8,503.76,0,8.6782
6.3631e+13,1072.8,487.44,0,8.6778
6.3631e+13,1078.6,496.79,0,8.5233
6.3631e+13,1081.6,511.17,0,8.2681
6.3631e+13,1087.8,519.52,0,7.2725
6.3631e+13,1092,530.09,0,117.75
6.3631e+13,990.6,855.28,0,53.508
6.3631e+13,1138.4,682,0,81.173
6.3631e+13,1150.6,675.11,0,5.3168
6.3631e+13,1152.3,674.53,0,1.267
6.3631e+13,1150.3,678.86,0,4.2601
6.3631e+13,1146.7,685.85,0,10.52
6.3631e+13,1170.1,654.72,0,6.8984
6.3631e+13,1162.3,672.61,0,10.746
6.3631e+13,1157.5,684.01,0,2.4628
6.3631e+13,1162.3,679.92,0,1.4802
6.3631e+13,1161,686.56,0,2.2032
6.3631e+13,1163.4,686.37,0,50.548
6.3631e+13,1102.4,824.69,0,31.455
6.3631e+13,1131,773.96,0,36.278
6.3631e+13,1155.7,731.13,0,22.963
6.3631e+13,1165.1,714.92,0,27.101
6.3631e+13,1196.5,661.79,0,11.996
6.3631e+13,1184,684.73,0,30.172
6.3631e+13,1152.8,739.94,0,20.74
6.3631e+13,1154.3,738.68,0,12.188
6.3631e+13,1171.8,709.19,0,10.266
6.3631e+13,1169.9,712.51,0,7.1792
6.3631e+13,1182.8,690.94,0,15.588
6.3631e+13,1193.7,672.84,0,70.291
6.3631e+13,1289.3,511.51,0,57.316
6.3631e+13,1107.5,819.52,0,116.86
6.3631e+13,1113,810.27,0,42.605
6.3631e+13,1172.7,711.16,0,26.975
6.3631e+13,1155.5,742.39,0,6.3143
6.3631e+13,1183.5,695.81,0,10.02
6.3631e+13,1171.8,717.48,0,3.6431
6.3631e+13,1190.2,687.3,0,5.3782
6.3631e+13,1179.1,703.32,0,9.3153
6.3631e+13,1174.2,709.87,0,4.2046
6.3631e+13,1171.7,713.31,0,12.325
6.3631e+13,1154.3,740.58,0,10.88
6.3631e+13,1155.7,741.36,0,25.272
6.3631e+13,1197.2,679.06,0,19.72
6.3631e+13,1189.4,693.5,0,18.475
6.3631e+13,1227,633.03,0,23.046
6.3631e+13,1226.4,635.99,0,9.0531
6.3631e+13,1242.4,610.94,0,0.42489
6.3631e+13,1227.6,635.63,0,2.4864
6.3631e+13,1239.4,617.7,0,0.96317
6.3631e+13,1230,634.03,0,0.73484
6.3631e+13,1239,619.85,0,10.32
6.3631e+13,1246.4,608.15,0,8.5775
6.3631e+13,1252.7,598.4,0,467.19
6.3631e+13,8.3435e-14,1.0573e-14,0,161.23
6.3631e+13,1002.4,1006.3,0,479.58
6.3631e+13,1004.9,1008.4,0,2.0884
6.3631e+13,1006.2,1011.2,0,31.832
6.3631e+13,1060.2,931.84,0,24.666
6.3631e+13,1057.7,959.25,0,11.482
6.3631e+13,1054.1,965.37,0,5.0241
6.3631e+13,1052.9,973.37,0,4.3391
6.3631e+13,1048.7,977.04,0,483.04
6.3631e+13,1.1643e-13,1.0847e-13,0,482.84
6.3631e+13,NaN,NaN,4,NaN
6.3631e+13,NaN,NaN,4,NaN
6.3631e+13,NaN,NaN,4,NaN
6.3631e+13,NaN,NaN,4,NaN
6.3631e+13,NaN,NaN,4,NaN
6.3631e+13,NaN,NaN,4,NaN
6.3631e+13,NaN,NaN,4,NaN
6.3631e+13,NaN,NaN,4,NaN
6.3631e+13,NaN,NaN,4,NaN
6.3631e+13,NaN,NaN,4,NaN
6.3631e+13,NaN,NaN,4,NaN
6.3631e+13,NaN,NaN,4,NaN
6.3631e+13,NaN,NaN,4,NaN
6.3631e+13,NaN,NaN,4,NaN
6.3631e+13,NaN,NaN,4,NaN
6.3631e+13,NaN,NaN,4,NaN
6.3631e+13,NaN,NaN,4,NaN
6.3631e+13,NaN,NaN,4,NaN
6.3631e+13,NaN,NaN,4,NaN
6.3631e+13,NaN,NaN,4,NaN
6.3631e+13,NaN,NaN,4,NaN
6.3631e+13,NaN,NaN,4,NaN
6.3631e+13,NaN,NaN,4,NaN
6.3631e+13,NaN,NaN,4,NaN
6.3631e+13,NaN,NaN,4,NaN
6.3631e+13,NaN,NaN,4,NaN
6.3631e+13,NaN,NaN,4,NaN
6.3631e+13,NaN,NaN,4,NaN
6.3631e+13,NaN,NaN,4,NaN
6.3631e+13,NaN,NaN,4,NaN
6.3631e+13,NaN,NaN,4,NaN
6.3631e+13,NaN,NaN,4,NaN
6.3631e+13,NaN,NaN,4,NaN
6.3631e+13,NaN,NaN,4,NaN
6.3631e+13,NaN,NaN,4,NaN
6.3631e+13,NaN,NaN,4,NaN
6.3631e+13,NaN,NaN,4,NaN
6.3631e+13,NaN,NaN,4,NaN
6.3631e+13,NaN,NaN,4,NaN
6.3631e+13,NaN,NaN,4,NaN
6.3631e+13,NaN,NaN,4,NaN
6.3631e+13,NaN,NaN,4,NaN
6.3631e+13,977.07,623.56,0,19.57
6.3631e+13,974.02,602.11,0,5.8389
6.3631e+13,981.67,640.27,0,22.654
6.3631e+13,984.43,668.55,0,16.271
6.3631e+13,986.81,688.29,0,11.766
6.3631e+13,989.71,703.07,0,46.907
6.3631e+13,1019.8,823.56,0,44.259
6.3631e+13,1019.9,830.95,0,3.4013
6.3631e+13,1016.5,833.08,0,1.9965
6.3631e+13,1014.5,833.52,0,1.5377
6.3631e+13,1013.1,836.13,0,1.8804
6.3631e+13,1011.6,838.29,0,1.5348
6.3631e+13,1010.4,839.85,0,1.5503
6.3631e+13,1008.6,841.8,0,1.8922
6.3631e+13,1007.5,844.61,0,2.0134
6.3631e+13,1006.1,847.2,0,442.87
6.3631e+13,1.117e-13,9.4058e-14,0,443.07
6.3631e+13,NaN,NaN,4,NaN
6.3631e+13,NaN,NaN,4,NaN
6.3631e+13,NaN,NaN,4,NaN
6.3631e+13,NaN,NaN,4,NaN
6.3631e+13,NaN,NaN,4,NaN
6.3631e+13,5.5826e-14,4.7034e-14,0,0.76685
6.3631e+13,1003.5,851.3,0,443.39
6.3631e+13,1002.5,852.84,0,1.0362
6.3631e+13,1001.9,853.9,0,0.80227
6.3631e+13,1001.5,855.01,0,0.67354
6.3631e+13,1001.5,855.86,0,443.61
6.3631e+13,5.5588e-14,4.748e-14,0,0.18191
6.3631e+13,1001.6,856.39,0,444.08
6.3631e+13,1001.8,856.85,0,443.93
6.3631e+13,5.7145e-14,7.0188e-14,0,137.61
6.3631e+13,NaN,NaN,4,NaN
6.3631e+13,NaN,NaN,4,NaN
6.3631e+13,NaN,NaN,4,NaN
6.3631e+13,NaN,NaN,4,NaN
6.3631e+13,NaN,NaN,4,NaN
6.3631e+13,NaN,NaN,4,NaN
6.3631e+13,NaN,NaN,4,NaN
6.3631e+13,NaN,NaN,4,NaN
6.3631e+13,NaN,NaN,4,NaN
6.3631e+13,NaN,NaN,4,NaN
6.3631e+13,NaN,NaN,4,NaN
6.3631e+13,NaN,NaN,4,NaN
6.3631e+13,NaN,NaN,4,NaN
6.3631e+13,758.77,752.24,0,10.391
6.3631e+13,747.01,747.61,0,8.2859
6.3631e+13,737.72,739.52,0,97.151
6.3631e+13,726.37,459.95,0,39.185
6.3631e+13,635.45,684.09,0,76.162
6.3631e+13,644.86,670.83,0,5.6607
6.3631e+13,647.6,672.48,0,2.8311
6.3631e+13,652.68,667.77,0,2.3468
6.3631e+13,653.37,676.39,0,4.2831
6.3631e+13,654.8,680.3,0,4.1515
6.3631e+13,654.48,688.66,0,5.4135
6.3631e+13,654.04,696.35,0,1.4977
6.3631e+13,655.23,693.04,0,0.49737
6.3631e+13,654.68,697.68,0,3.164
6.3631e+13,653.98,702.35,0,1.7333
6.3631e+13,654.31,702.82,0,1.4322
6.3631e+13,653.76,706.6,0,2.5549
6.3631e+13,653.12,710.31,0,80.484
6.3631e+13,702.44,472.69,0,5.0668
6.3631e+13,642.04,720.48,0,76.786
6.3631e+13,646.4,693.63,0,1.671
6.3631e+13,638.38,717.14,0,10.543
6.3631e+13,634.63,722.63,0,6.2842
6.3631e+13,630.38,733.99,0,2.7964
6.3631e+13,630.79,729.99,0,0.88953
6.3631e+13,629.96,731.39,0,1.4744
6.3631e+13,628.94,733.96,0,1.5311
6.3631e+13,630.96,726.95,0,0.53388
6.3631e+13,628.66,735.52,0,5.8272
6.3631e+13,636.21,710.47,0,88.733
6.3631e+13,707.43,484.17,0,24.829
6.3631e+13,574.65,751.01,0,85.294
6.3631e+13,596.45,711.75,0,17.216
6.3631e+13,597.85,705.47,0,10.455
6.3631e+13,609.44,683.56,0,6.3304
6.3631e+13,607.29,689.22,0,4.436
6.3631e+13,605.17,696.02,0,6.018
6.3631e+13,601.57,706.15,0,3.7332
6.3631e+13,602.56,706.79,0,2.3578
6.3631e+13,600.63,713.08,0,4.4977
6.3631e+13,599.03,719.66,0,1.2306
6.3631e+13,602.24,716.36,0,88.436
6.3631e+13,724.06,488.83,0,29.933
6.3631e+13,610.17,804.87,0,91.115
6.3631e+13,631.63,743.02,0,23.708
6.3631e+13,633.19,738.36,0,24.397
6.3631e+13,657.98,675.56,0,23.67
6.3631e+13,660.2,673.49,0,1.2391
6.3631e+13,659.29,679,0,1.7791
6.3631e+13,660.11,678.77,0,1.5128
6.3631e+13,658.32,683.39,0,6.2137
6.3631e+13,653.64,696.05,0,7.8176
6.3631e+13,650.49,705.23,0,5.2552
6.3631e+13,648.88,710.9,0,78.213
6.3631e+13,737.45,489.96,0,47.261
6.3631e+13,632.65,850.26,0,63.235
6.3631e+13,686.27,670.56,0,52.18
6.3631e+13,672.55,700.58,0,13.933
6.3631e+13,666.54,706.91,0,2.2715
6.3631e+13,666.27,703.05,0,1.1987
6.3631e+13,664.31,704.13,0,13.409
6.3631e+13,648.47,738.65,0,13.852
6.3631e+13,646.14,741.02,0,9.5436
6.3631e+13,634.55,763.33,0,1.8169
6.3631e+13,646.24,735.62,0,18.67
6.3631e+13,656.17,712.3,0,74.224
6.3631e+13,547.31,932.5,0,12.674
6.3631e+13,638.93,745.74,0,74.225
6.3631e+13,646.79,735.9,0,5.8471
6.3631e+13,649.54,732.01,0,18.507
6.3631e+13,625.44,786.52,0,32.155
6.3631e+13,611.08,819.37,0,6.6942
6.3631e+13,618.65,805.19,0,3.3233
6.3631e+13,609.19,829.05,0,5.0018
6.3631e+13,614.63,819.49,0,6.4225
6.3631e+13,618.57,812.45,0,3.3659
6.3631e+13,611.88,829.09,0,11.031
6.3631e+13,606.43,842.86,0,4.5533
6.3631e+13,624.07,823.26,0,45.553
6.3631e+13,557.93,969.09,0,17.042
6.3631e+13,604.04,869.72,0,42.748
6.3631e+13,611.43,854.02,0,17.417
6.3631e+13,625.95,822.88,0,17.514
6.3631e+13,633.43,806.91,0,5.079
6.3631e+13,632.19,809.16,0,3.393
6.3631e+13,637.37,797.64,0,7.0623
6.3631e+13,640.77,790.03,0,2.9377
6.3631e+13,640.74,789.6,0,4.8044
6.3631e+13,646.54,776.99,0,9.9128
6.3631e+13,652.99,762.85,0,9.5225
6.3631e+13,654.82,749.96,0,94.356
6.3631e+13,773.45,509.97,0,43.857
6.3631e+13,712.26,633.13,0,63.89
6.3631e+13,688.86,679.72,0,20.446
6.3631e+13,685.12,687.42,0,7.8897
6.3631e+13,678.41,700.68,0,7.6567
6.3631e+13,674.85,707.69,0,5.1836
6.3631e+13,671.46,714.41,0,4.545
6.3631e+13,668.83,719.77,0,4.5173
6.3631e+13,665.54,726.44,0,2.5278
6.3631e+13,665.55,726.52,0,2.6578
6.3631e+13,669.05,719.38,0,11.651
6.3631e+13,682.23,696.21,0,13.818
6.3631e+13,689.41,683.77,0,5.0457
6.3631e+13,690.38,683.65,0,1.4925
6.3631e+13,689.1,688.19,0,15.01
6.3631e+13,709.37,643.34,0,7.0751
6.3631e+13,698.34,669.32,0,13.985
6.3631e+13,693.12,681.54,0,9.57
6.3631e+13,687.05,695.4,0,6.6702
6.3631e+13,685.17,699.68,0,6.305
6.3631e+13,694.79,678.35,0,3.9476
6.3631e+13,690.12,689.06,0,2.3851
6.3631e+13,697.84,671.96,0,64.33
6.3631e+13,768.6,514.96,0,66.976
6.3631e+13,601.9,846.1,0,112.91
6.3631e+13,615.29,813.03,0,49.624
6.3631e+13,665.84,713.39,0,36.344
6.3631e+13,663.29,716.41,0,1.3428
6.3631e+13,666.55,709.47,0,4.5052
6.3631e+13,656.36,727.84,0,6.0994
6.3631e+13,658.01,725.43,0,1.932
6.3631e+13,655.19,733.46,0,2.9321
6.3631e+13,655.93,733.88,0,8.8326
6.3631e+13,667.67,710.4,2,7.7662
6.3631e+13,668.7,714.69,2,328.42
6.3631e+13,5.1535e-14,2.2171e-16,2,254.89
6.3631e+13,409.02,1425.4,2,7.8433e-14
6.3631e+13,4.541e-14,1.5825e-13,0,499.55
6.3631e+13,NaN,NaN,4,NaN
6.3631e+13,NaN,NaN,4,NaN
6.3631e+13,NaN,NaN,4,NaN
6.3631e+13,NaN,NaN,4,NaN
6.3631e+13,NaN,NaN,4,NaN
6.3631e+13,NaN,NaN,4,NaN
6.3631e+13,NaN,NaN,4,NaN
6.3631e+13,NaN,NaN,4,NaN
6.3631e+13,NaN,NaN,4,NaN
6.3631e+13,NaN,NaN,4,NaN
6.3631e+13,NaN,NaN,4,NaN
6.3631e+13,NaN,NaN,4,NaN
6.3631e+13,NaN,NaN,4,NaN
6.3631e+13,NaN,NaN,4,NaN
6.3631e+13,NaN,NaN,4,NaN
6.3631e+13,NaN,NaN,4,NaN
6.3631e+13,NaN,NaN,4,NaN
6.3631e+13,NaN,NaN,4,NaN
6.3631e+13,NaN,NaN,4,NaN
6.3631e+13,NaN,NaN,4,NaN
6.3631e+13,NaN,NaN,4,NaN
6.3631e+13,NaN,NaN,4,NaN
6.3631e+13,NaN,NaN,4,NaN
6.3631e+13,NaN,NaN,4,NaN
6.3631e+13,NaN,NaN,4,NaN
6.3631e+13,NaN,NaN,4,NaN
6.3631e+13,NaN,NaN,4,NaN
6.3631e+13,NaN,NaN,4,NaN
6.3631e+13,NaN,NaN,4,NaN
6.3631e+13,NaN,NaN,4,NaN
6.3631e+13,NaN,NaN,4,NaN
6.3631e+13,597.44,843.43,0,9.6909
6.3631e+13,600.11,831.67,0,9.0592
6.3631e+13,605.96,817.92,0,6.6975
6.3631e+13,607.57,813.25,0,10.886
6.3631e+13,619.11,788.4,0,13.569
6.3631e+13,624.11,776.52,0,2.345
6.3631e+13,614.15,793.29,0,27.837
6.3631e+13,612.76,694.67,0,22.706
6.3631e+13,605.55,726.44,0,22.17
6.3631e+13,596.75,758.5,0,21.919
6.3631e+13,635.99,668.93,0,17.321
6.3631e+13,621.44,713.4,0,21.702
6.3631e+13,620.51,731.47,0,24.793
6.3631e+13,627.03,786.79,0,34.63
6.3631e+13,646.53,830.92,0,31.161
6.3631e+13,671.96,867.65,0,27.95
6.3631e+13,697.08,896.71,0,24.414
6.3631e+13,720.35,921.59,0,21.96
6.3631e+13,742.25,943.71,0,146.37
6.3631e+13,1153.6,954.51,0,182.37
6.3631e+13,1276.6,857.02,0,53.109
6.3631e+13,1275.9,855.05,0,27.225
6.3631e+13,1216.3,910.81,0,20.862
6.3631e+13,1230.3,896.94,0,10.748
6.3631e+13,1238.9,888.26,0,3.4636
6.3631e+13,1223.1,904.23,0,3.832
6.3631e+13,1229.9,895.23,0,8.5256
6.3631e+13,1201.7,917.75,0,38.09
6.3631e+13,1131.2,950.42,0,43.566
6.3631e+13,1087,977.57,0,23.369
6.3631e+13,1072.8,987.88,0,80.744
6.3631e+13,1263.8,815.68,0,86.609
6.3631e+13,1262.1,813.94,0,0.9348
6.3631e+13,1261.9,813.62,0,39.565
6.3631e+13,1175.3,893.01,0,54.989
6.3631e+13,1143.1,925.62,0,4.1446
6.3631e+13,1166.7,901.78,0,18.988
6.3631e+13,1182.5,885.28,0,0.7976
6.3631e+13,1165.2,903.67,0,13.667
6.3631e+13,1155.1,915.18,0,10.696
6.3631e+13,1145,928.16,0,0.58895
6.3631e+13,1156.8,914.61,0,11.162
6.3631e+13,1166.6,903,0,52.76
6.3631e+13,1258.3,795.35,0,47.778
6.3631e+13,1258.6,795.06,0,57.218
6.3631e+13,1145,921.94,0,38.09
6.3631e+13,1182.7,878.85,0,8.2803
6.3631e+13,1168.1,913.53,0,20.451
6.3631e+13,1157.7,934.2,0,11.468
6.3631e+13,1153.1,944.05,0,7.3795
6.3631e+13,1148.7,954.14,0,3.5731
6.3631e+13,1149.6,954.08,0,2.882
6.3631e+13,1145.2,961.97,0,5.8739
6.3631e+13,1141,969.27,0,4.1267
6.3631e+13,1151.9,951.69,0,10.032
6.3631e+13,1159.7,946.05,0,18.512
6.3631e+13,1127.2,1000.8,0,20.454
6.3631e+13,1190.2,893.54,0,31.796
6.3631e+13,1175.3,919.56,0,2.8915
6.3631e+13,1194.8,886.3,0,20.815
6.3631e+13,1206.6,866.32,0,13.045
6.3631e+13,1214.6,853.02,0,5.282
6.3631e+13,1199.2,880.11,0,14.104
6.3631e+13,1193.5,889.17,0,5.9378
6.3631e+13,1191.2,895.84,0,1.9955
6.3631e+13,1197.4,884.74,0,0.22679
6.3631e+13,1190.6,896.1,0,501.53
6.3631e+13,1.3218e-13,9.9487e-14,0,501.99
6.3631e+13,NaN,NaN,4,NaN
6.3631e+13,NaN,NaN,4,NaN
6.3631e+13,NaN,NaN,4,NaN
6.3631e+13,NaN,NaN,4,NaN
6.3631e+13,NaN,NaN,4,NaN
6.3631e+13,NaN,NaN,4,NaN
6.3631e+13,NaN,NaN,4,NaN
6.3631e+13,NaN,NaN,4,NaN
6.3631e+13,NaN,NaN,4,NaN
6.3631e+13,NaN,NaN,4,NaN
6.3631e+13,NaN,NaN,4,NaN
6.3631e+13,NaN,NaN,4,NaN
6.3631e+13,NaN,NaN,4,NaN
6.3631e+13,NaN,NaN,4,NaN
6.3631e+13,NaN,NaN,4,NaN
6.3631e+13,NaN,NaN,4,NaN
6.3631e+13,NaN,NaN,4,NaN
6.3631e+13,NaN,NaN,4,NaN
6.3631e+13,1035.3,1020.4,0,29.668
6.3631e+13,1060.6,943.55,0,41.524
6.3631e+13,1072.5,902.91,0,21.479
6.3631e+13,1077.1,881.97,0,12.686
6.3631e+13,1079.7,865.96,0,23.931
6.3631e+13,1101,815.07,0,17.396
6.3631e+13,1104,820.35,0,4.1229
6.3631e+13,1107.2,804.54,0,463.33
6.3631e+13,1.2293e-13,8.9322e-14,0,461.06
6.3631e+13,NaN,NaN,4,NaN
6.3631e+13,NaN,NaN,4,NaN
6.3631e+13,NaN,NaN,4,NaN
6.3631e+13,NaN,NaN,4,NaN
6.3631e+13,NaN,NaN,4,NaN
6.3631e+13,NaN,NaN,4,NaN
6.3631e+13,NaN,NaN,4,NaN
6.3631e+13,NaN,NaN,4,NaN
6.3631e+13,NaN,NaN,4,NaN
6.3631e+13,NaN,NaN,4,NaN
6.3631e+13,NaN,NaN,4,NaN
6.3631e+13,NaN,NaN,4,NaN
6.3631e+13,NaN,NaN,4,NaN
6.3631e+13,NaN,NaN,4,NaN
6.3631e+13,NaN,NaN,4,NaN
6.3631e+13,NaN,NaN,4,NaN
6.3631e+13,NaN,NaN,4,NaN
6.3631e+13,NaN,NaN,4,NaN
6.3631e+13,NaN,NaN,4,NaN
6.3631e+13,NaN,NaN,4,NaN
6.3631e+13,NaN,NaN,4,NaN
6.3631e+13,NaN,NaN,4,NaN
6.3631e+13,NaN,NaN,4,NaN
6.3631e+13,NaN,NaN,4,NaN
6.3631e+13,NaN,NaN,4,NaN
6.3631e+13,1036.1,1068.9,0,16.807
6.3631e+13,1031.6,1105.4,0,10.916
6.3631e+13,1065.8,1056.2,0,45.915
6.3631e+13,1103.3,989.47,0,43.493
6.3631e+13,1129.1,943.61,0,14.391
6.3631e+13,1127.5,954.28,0,14.581
6.3631e+13,1116.4,984.99,0,8.9955
6.3631e+13,1120.6,980.07,0,12.277
6.3631e+13,1134.1,953.12,0,18.666
6.3631e+13,1145.3,930.44,0,20.736
6.3631e+13,1160.7,897.61,0,73.946
6.3631e+13,1242.1,733.46,0,61.695
6.3631e+13,1242,733.47,0,34.068
6.3631e+13,1214.1,830.62,0,44.434
6.3631e+13,1195.1,856.76,0,103.9
6.3631e+13,1068.4,1102.5,0,495.35
6.3631e+13,1.1862e-13,1.224e-13,0,517.17
6.3631e+13,NaN,NaN,4,NaN
6.3631e+13,NaN,NaN,4,NaN
6.3631e+13,NaN,NaN,4,NaN
6.3631e+13,NaN,NaN,4,NaN
6.3631e+13,NaN,NaN,4,NaN
6.3631e+13,NaN,NaN,4,NaN
6.3631e+13,NaN,NaN,4,NaN
6.3631e+13,NaN,NaN,4,NaN
6.3631e+13,NaN,NaN,4,NaN
6.3631e+13,NaN,NaN,4,NaN
6.3631e+13,NaN,NaN,4,NaN
6.3631e+13,NaN,NaN,4,NaN
6.3631e+13,NaN,NaN,4,NaN
6.3631e+13,NaN,NaN,4,NaN
6.3631e+13,NaN,NaN,4,NaN
6.3631e+13,NaN,NaN,4,NaN
6.3631e+13,NaN,NaN,4,NaN
6.3631e+13,NaN,NaN,4,NaN
6.3631e+13,NaN,NaN,4,NaN
6.3631e+13,NaN,NaN,4,NaN
6.3631e+13,NaN,NaN,4,NaN
6.3631e+13,NaN,NaN,4,NaN
6.3631e+13,NaN,NaN,4,NaN
6.3631e+13,NaN,NaN,4,NaN
6.3631e+13,NaN,NaN,4,NaN
6.3631e+13,NaN,NaN,4,NaN
6.3631e+13,NaN,NaN,4,NaN
6.3631e+13,NaN,NaN,4,NaN
6.3631e+13,NaN,NaN,4,NaN
6.3631e+13,NaN,NaN,4,NaN
6.3631e+13,NaN,NaN,4,NaN
6.3631e+13,NaN,NaN,4,NaN
6.3631e+13,NaN,NaN,4,NaN
6.3631e+13,NaN,NaN,4,NaN
6.3631e+13,NaN,NaN,4,NaN
6.3631e+13,NaN,NaN,4,NaN
6.3631e+13,NaN,NaN,4,NaN
6.3631e+13,1078.2,1129.7,0,5.7978
6.3631e+13,1080.4,1136.4,0,4.5423
6.3631e+13,1082.8,1142.4,0,7.8253
6.3631e+13,1072.6,1158.2,0,18.42
6.3631e+13,1037.4,1172.9,0,14.404
6.3631e+13,1073.9,1115.5,0,29.352
6.3631e+13,1082.9,1098.6,0,22.525
6.3631e+13,1092.6,1051.3,0,18.769
6.3631e+13,1098.6,1045.1,0,12.882
6.3631e+13,1107.6,1016.1,0,8.3655
6.3631e+13,1110.7,1023.5,0,2.181
6.3631e+13,1113.3,1019.2,0,1.5188
6.3631e+13,1114.4,1020.9,0,8.4193
6.3631e+13,1109.3,1043.8,0,4.7599
6.3631e+13,1113.7,1035,0,4.831
6.3631e+13,1116.2,1031.3,0,100.77
6.3631e+13,1235.2,761.68,0,100.57
6.3631e+13,1237.9,758.65,0,2.1023
6.3631e+13,1240.2,757.89,0,1.4434
6.3631e+13,1241.4,756.18,0,1.1922
6.3631e+13,1242.8,755.56,0,15.159
6.3631e+13,1222.4,797,0,28.741
6.3631e+13,1205.4,832.21,0,20.581
6.3631e+13,1196,852.07,0,2.6711
6.3631e+13,1202.7,839.68,0,2.1334
6.3631e+13,1195.5,858.38,0,10.596
6.3631e+13,1191.5,869.07,0,6.7773
6.3631e+13,1188.6,877.28,0,37.695
6.3631e+13,1154.8,974.79,0,11.484
6.3631e+13,1187.5,911.35,0,17.537
6.3631e+13,1180,929.23,0,14.314
6.3631e+13,1171.2,950.56,0,10.771
6.3631e+13,1193.5,900.26,0,16.521
6.3631e+13,1190.9,905.67,0,7.7728
6.3631e+13,1203.1,879.27,0,7.6585
6.3631e+13,1181.1,926.2,0,20.841
6.3631e+13,1177.1,935.38,0,6.1206
6.3631e+13,1173.9,942.87,0,6.6721
6.3631e+13,1169.3,953.61,0,3.8974
6.3631e+13,1169.9,953.72,0,11.883
6.3631e+13,1160.8,987.84,0,74.502
6.3631e+13,1268.6,755.82,0,86.234
6.3631e+13,1268.8,755.72,0,0.14028
6.3631e+13,1269,755.84,0,24.183
6.3631e+13,1240.4,821.66,0,19.343
6.3631e+13,1246.4,808.6,0,3.3379
6.3631e+13,1237.6,831.17,0,17.279
6.3631e+13,1227.4,856.28,0,13.295
6.3631e+13,1222.8,867.76,0,7.3681
6.3631e+13,1219.5,876.64,0,4.279
6.3631e+13,1218.3,879.62,0,13.919
6.3631e+13,1203,914.55,0,48.374
6.3631e+13,1159,1010.4,0,18.77
6.3631e+13,1173.1,961.56,0,54.091
6.3631e+13,1215.7,860.18,0,21.496
6.3631e+13,1195,901.63,0,33.361
6.3631e+13,1171.9,949.03,0,39.843
6.3631e+13,1143.8,1008.2,0,25.362
6.3631e+13,1138.4,1016.5,0,5.9181
6.3631e+13,1133.8,1022.6,0,13.772
6.3631e+13,1118.2,1052,0,12.828
6.3631e+13,1114.6,1055.5,0,3.5402
6.3631e+13,1110.8,1059.5,0,9.2913
6.3631e+13,1099.9,1078.9,0,105.51
6.3631e+13,1230.3,769.95,0,28.192
6.3631e+13,1026.1,1118.3,0,127.28
6.3631e+13,1040.5,1096.6,0,20.075
6.3631e+13,1055.8,1066.6,0,5.5366
6.3631e+13,1029.9,1109.2,0,27.244
6.3631e+13,1014.2,1136,0,13.392
6.3631e+13,1048.7,1074.2,0,28.322
6.3631e+13,1055.4,1062.7,0,19.294
6.3631e+13,1076.5,1024.1,0,13.829
6.3631e+13,1075.6,1027,0,9.2927
6.3631e+13,1064.8,1049.1,0,2.312
6.3631e+13,1079.4,1021.3,0,105.77
6.3631e+13,1209.8,770.6,0,29.457
6.3631e+13,1124.7,946.46,0,73.111
6.3631e+13,1115.7,966.17,0,19.546
6.3631e+13,1100.8,999.31,0,14.531
6.3631e+13,1099.4,1006.1,0,4.0389
6.3631e+13,1108.9,990.5,0,11.518
6.3631e+13,1117.3,976.97,0,5.5898
6.3631e+13,1119.2,977.47,0,4.8802
6.3631e+13,1115.2,991.31,0,6.8853
6.3631e+13,1114.6,997.38,0,3.3869
6.3631e+13,1114.7,1001.4,0,7.2042
6.3631e+13,1126,979.32,0,10.737
6.3631e+13,1120.3,1032.7,0,68.405
6.3631e+13,923.86,998.49,0,69.517
6.3631e+13,914,1030.5,0,11.197
6.3631e+13,952.72,1015,0,18.473
6.3631e+13,967.74,1019.6,0,10.519
6.3631e+13,983.79,1018.1,0,24.765
6.3631e+13,1027.6,976.89,0,35.081
6.3631e+13,1059.7,946.82,0,26.241
6.3631e+13,1084.5,923.72,0,9.0963
6.3631e+13,1082.9,933.03,0,6.376
6.3631e+13,1081.6,942.42,0,5.7211
6.3631e+13,1098.2,925.63,0,19.363
6.3631e+13,1089.4,999.37,0,40.036
6.3631e+13,1072.7,1041.7,0,7.232
6.3631e+13,1089.8,1020.8,0,41.222
6.3631e+13,1140.5,939.8,0,29.65
6.3631e+13,1147,953.97,0,6.9071
6.3631e+13,1151.5,957.09,0,5.0655
6.3631e+13,1150.9,968.51,0,4.8822
6.3631e+13,1152.9,971.52,0,2.0468
6.3631e+13,1154.9,973.02,0,2.0983
6.3631e+13,1158.5,968.89,0,2.2967
6.3631e+13,1160.4,968.98,0,2.4429
6.3631e+13,1163.9,964.08,0,70.268
6.3631e+13,1239.9,776.14,0,68.637
6.3631e+13,1238.8,774.57,0,33.95
6.3631e+13,1207.1,871.4,0,48.307
6.3631e+13,1194.4,910.93,0,19.068
6.3631e+13,1190.2,925.42,0,5.588
6.3631e+13,1199.4,895.12,0,10.212
6.3631e+13,1198.9,896.38,0,4.815
6.3631e+13,1194.8,908.64,0,1.8137
6.3631e+13,1200.2,891.17,0,4.2503
6.3631e+13,1198.3,896.53,0,2.8025
6.3631e+13,1202.4,883.15,0,8.7017
6.3631e+13,1206,871.85,0,38.792
6.3631e+13,1237,773.3,0,34.993
6.3631e+13,1236.6,772.61,0,25.645
6.3631e+13,1212.4,845.36,0,39.431
6.3631e+13,1199.9,883.73,0,17.163
6.3631e+13,1196.9,893.87,0,10.856
6.3631e+13,1190.2,914.48,0,11.414
6.3631e+13,1186.6,926.17,0,8.0001
6.3631e+13,1183.3,937.19,0,5.5591
6.3631e+13,1181.9,941.99,0,4.9716
6.3631e+13,1179,951.32,0,4.8294
6.3631e+13,1177.6,955.67,0,4.361
6.3631e+13,1175,963.62,0,0.26759
6.3631e+13,1178,956.39,0,18.087
6.3631e+13,1159.2,1014.9,0,14.292
6.3631e+13,1165.5,996.96,0,33.065
6.3631e+13,1190.1,921.78,0,22.941
6.3631e+13,1186.8,932.27,0,5.7761
6.3631e+13,1185.1,938.18,0,7.9716
6.3631e+13,1194.1,909.74,0,3.3188
6.3631e+13,1187.8,928.71,0,12.036
6.3631e+13,1182.9,943.66,0,1.8893
6.3631e+13,1189.3,923.29,0,20.472
6.3631e+13,1122.3,949.16,0,28.067
6.3631e+13,1109.8,948.28,0,58.13
6.3631e+13,958.6,1003.6,0,75.185
6.3631e+13,1239.9,766.92,0,124
6.3631e+13,1240.1,766.42,0,0.25108
6.3631e+13,1240.2,766.25,0,29.082
6.3631e+13,1179.4,827.79,0,46.956
6.3631e+13,1145.4,868.42,0,30.452
6.3631e+13,1123.4,898.79,0,15.531
6.3631e+13,1120.7,907.36,0,6.3276
6.3631e+13,1117,916.44,0,15.133
6.3631e+13,1099.6,947,0,15.906
6.3631e+13,1095.6,958.55,0,7.4381
6.3631e+13,1093,968.08,0,82.937
6.3631e+13,1247.4,764.65,0,59.277
6.3631e+13,1148.4,1135.1,0,89.81
6.3631e+13,1173.6,1020.8,0,49.788
6.3631e+13,1177.3,990.17,0,15.226
6.3631e+13,1179.2,975.99,0,9.8005
6.3631e+13,1163.5,1015.8,0,14.165
6.3631e+13,1164.1,1015.3,0,8.5311
6.3631e+13,1156.3,1040.1,0,7.9965
6.3631e+13,1157.7,1038.1,0,1.1941
6.3631e+13,1158.6,1037.4,0,0.41551
6.3631e+13,1158.7,1038.8,0,1.9543
6.3631e+13,1161.3,1032.2,0,98.56
6.3631e+13,1257,763.28,0,13.374
6.3631e+13,1139.4,1065.3,0,91.406
6.3631e+13,1157.5,1015.7,0,23.452
6.3631e+13,1163.8,1000.2,0,7.5442
6.3631e+13,1166.6,995.23,0,1.1953
6.3631e+13,1166.5,997.78,0,3.0326
6.3631e+13,1164.6,1004,0,1.1019
6.3631e+13,1166.3,1001,0,2.1471
6.3631e+13,1167.6,998.43,0,2.1447
6.3631e+13,1168.9,995.24,0,10.345
6.3631e+13,1179.1,969.93,0,16.947
6.3631e+13,1187.7,948.55,0,8.1623
6.3631e+13,1174.2,993.66,0,23.697
6.3631e+13,1166.3,1015.6,0,38.584
6.3631e+13,1215.6,886.89,0,34.343
6.3631e+13,1203.1,920.5,0,59.774
6.3631e+13,1220.7,1064.3,0,510.31
6.3631e+13,1.3553e-13,1.1816e-13,0,545.56
6.3631e+13,NaN,NaN,4,NaN
6.3631e+13,NaN,NaN,4,NaN
6.3631e+13,NaN,NaN,4,NaN
6.3631e+13,NaN,NaN,4,NaN
6.3631e+13,NaN,NaN,4,NaN
6.3631e+13,NaN,NaN,4,NaN
6.3631e+13,NaN,NaN,4,NaN
6.3631e+13,NaN,NaN,4,NaN
6.3631e+13,NaN,NaN,4,NaN
6.3631e+13,NaN,NaN,4,NaN
6.3631e+13,NaN,NaN,4,NaN
6.3631e+13,NaN,NaN,4,NaN
6.3631e+13,NaN,NaN,4,NaN
6.3631e+13,NaN,NaN,4,NaN
6.3631e+13,NaN,NaN,4,NaN
6.3631e+13,NaN,NaN,4,NaN
6.3631e+13,NaN,NaN,4,NaN
6.3631e+13,NaN,NaN,4,NaN
6.3631e+13,NaN,NaN,4,NaN
6.3631e+13,NaN,NaN,4,NaN
6.3631e+13,NaN,NaN,4,NaN
6.3631e+13,NaN,NaN,4,NaN
6.3631e+13,NaN,NaN,4,NaN
6.3631e+13,NaN,NaN,4,NaN
6.3631e+13,NaN,NaN,4,NaN
6.3631e+13,NaN,NaN,4,NaN
6.3631e+13,NaN,NaN,4,NaN
6.3631e+13,NaN,NaN,4,NaN
6.3631e+13,NaN,NaN,4,NaN
6.3631e+13,NaN,NaN,4,NaN
6.3631e+13,NaN,NaN,4,NaN
6.3631e+13,NaN,NaN,4,NaN
6.3631e+13,NaN,NaN,4,NaN
6.3631e+13,NaN,NaN,4,NaN
6.3631e+13,NaN,NaN,4,NaN
6.3631e+13,NaN,NaN,4,NaN
6.3631e+13,NaN,NaN,4,NaN
6.3631e+13,990.53,974.32,0,2.4079
6.3631e+13,996.7,973.77,0,4.5311
6.3631e+13,1003.9,972.58,0,20.726
6.3631e+13,1048.1,940.01,0,19.812
6.3631e+13,1059,951.96,0,17.021
6.3631e+13,1048.1,990.54,0,5.7617
6.3631e+13,1074.2,959.68,0,17.095
6.3631e+13,1084.9,955.64,0,13.283
6.3631e+13,1103.4,933.14,0,17.875
6.3631e+13,1118.5,914.54,0,77.493
6.3631e+13,1240.4,748.36,0,68.379
6.3631e+13,1240.9,752.61,0,50.413
6.3631e+13,1155.6,871.64,0,68.038
6.3631e+13,1126.1,918.81,0,26.654
6.3631e+13,1115.9,940.09,0,10.71
6.3631e+13,1114.4,948.37,0,8.4253
6.3631e+13,1108.6,964.03,0,5.4718
6.3631e+13,1111,964.25,0,3.6852
6.3631e+13,1119.2,966.73,0,495.56
6.3631e+13,6.218e-14,5.1319e-14,0,14.233
6.3631e+13,1118.3,1009,0,513.03
6.3631e+13,1121.5,1030.3,0,10.215
6.3631e+13,1128,1037.7,0,27.534
6.3631e+13,1201.9,1015.3,0,37.544
6.3631e+13,1209,961.1,0,25.942
6.3631e+13,1212.5,939.02,0,7.8626
6.3631e+13,1201.2,983.1,0,17.416
6.3631e+13,1195.5,987.83,0,8.3284
6.3631e+13,1202.9,958.44,0,7.3583
6.3631e+13,1198.5,966.19,0,3.1019
6.3631e+13,1196.7,965.27,0,12.895
6.3631e+13,1182.9,1001.1,0,13.847
6.3631e+13,1180.6,1003.1,0,1.1026
6.3631e+13,1179.6,1001.4,0,1.4211
6.3631e+13,1176.8,1004.9,0,20.694
6.3631e+13,1144.3,1051.7,0,84.002
6.3631e+13,1064.1,1227.4,0,11.163
6.3631e+13,1156.3,1020.8,0,69.971
6.3631e+13,1149.2,1037.9,0,14.787
6.3631e+13,1174.5,980.83,0,11.13
6.3631e+13,1159.9,1006.6,0,9.2325
6.3631e+13,1161.2,1004.8,0,3.5031
6.3631e+13,1165.4,997.8,0,1.4545
6.3631e+13,1164.5,1002,0,2.756
6.3631e+13,1163.8,1005.8,0,6.4444
6.3631e+13,1173.6,985.17,0,14.207
6.3631e+13,1181.8,967.66,0,63.835
6.3631e+13,1253.9,813.53,0,99.159
6.3631e+13,1081.8,1244.5,0,156.33
6.3631e+13,1085,1245.8,0,22.703
6.3631e+13,1110.8,1183.7,0,34.618
6.3631e+13,1124.4,1150.9,0,23.415
6.3631e+13,1137.4,1119.5,0,13.143
6.3631e+13,1139.7,1115,0,5.57
6.3631e+13,1133.2,1135.5,0,2.3827
6.3631e+13,1139.9,1122.1,0,1.6069
6.3631e+13,1130.2,1139.2,0,10.865
6.3631e+13,1127,1151.7,0,7.3574
6.3631e+13,1125.9,1160.6,0,31.361
6.3631e+13,1124.1,1244.7,0,19.838
6.3631e+13,1162.9,1114.8,0,66.133
6.3631e+13,1184.3,1057.8,0,20.729
6.3631e+13,1187.1,1058.2,0,1.353
6.3631e+13,1188.1,1056.4,0,11.975
6.3631e+13,1178.5,1092.7,0,6.2554
6.3631e+13,1193,1038.5,0,20.945
6.3631e+13,1194.2,1032.5,0,14.121
6.3631e+13,1203.6,997.91,0,13.648
6.3631e+13,1204.2,993.27,0,6.9041
6.3631e+13,1196.4,1017.1,0,0.63275
6.3631e+13,1203.4,991.58,0,30.491
6.3631e+13,1214.2,928.36,0,81.307
6.3631e+13,1266.1,758.51,0,15.443
6.3631e+13,1206.2,883.22,0,57.468
6.3631e+13,1194.6,913.41,0,23.52
6.3631e+13,1178.7,947.4,0,20.816
6.3631e+13,1168.3,969.32,0,5.1031
6.3631e+13,1184.3,933.32,0,10.488
6.3631e+13,1180.1,940.5,0,0.80323
6.3631e+13,1182.5,934.86,0,9.7933
6.3631e+13,1191.8,913.91,0,14.029
6.3631e+13,1199.4,896.79,0,4.6108
6.3631e+13,1196.7,901.12,0,28.359
6.3631e+13,1160.6,971.5,0,52.586
6.3631e+13,1258.6,757.83,0,36.607
6.3631e+13,1191.1,867.21,0,28.929
6.3631e+13,1213.4,830.79,0,9.3282
6.3631e+13,1198.7,893.84,0,28.947
6.3631e+13,1192.6,914.18,0,12.842
6.3631e+13,1187.7,930.35,0,3.3607
6.3631e+13,1197.5,905.47,0,6.2183
6.3631e+13,1194.7,913.27,0,3.7247
6.3631e+13,1201.6,895.22,0,11.846
6.3631e+13,1207.2,880.37,0,9.8459
6.3631e+13,1211.8,867.82,0,55.761
6.3631e+13,1147.7,1034.8,0,18.02
6.3631e+13,1195.6,918.79,0,16.47
6.3631e+13,1170.7,991.71,0,27.553
6.3631e+13,1169.3,996.24,0,21.259
6.3631e+13,1148.8,1050.9,0,32.161
6.3631e+13,1135.8,1085.7,0,9.4066
6.3631e+13,1137.7,1076.5,0,19.701
6.3631e+13,1153.2,1029.8,0,15.469
6.3631e+13,1151.6,1032.8,0,1.0565
6.3631e+13,1150.1,1029.6,0,8.4455
6.3631e+13,1135.9,1052.3,0,11.295
6.3631e+13,1130.9,1057.1,0,104.08
6.3631e+13,1240.3,761.52,0,22.79
6.3631e+13,1136,989.62,0,75.891
6.3631e+13,1145.5,965.85,0,5.3247
6.3631e+13,1140.6,974.5,0,8.6812
6.3631e+13,1134,988.95,0,5.7453
6.3631e+13,1133.4,989.97,0,13.83
6.3631e+13,1151.1,951.61,0,9.825
6.3631e+13,1144.8,963.13,0,7.6069
6.3631e+13,1140.3,971.43,0,3.6559
6.3631e+13,1139.2,972.4,0,504.62
